,lemma_1,lemma_2,year,genre,source,text,clean_text,sentence_key
0,back,time,2015,FIC,Ploughshares,"#upon you; it did not help, this turning back of time. You would have needed weeks, months, not a single","#upon you; it did not help, this turning back of time. You would have needed weeks, months, not a single",a95ad482bd3dfc390610ad544cc98cfe
1,back,time,2012,WEB,amazon.com,"#revealed. # In a supreme irony, the folding back of time, at the end, finds the gansta rap son of Ruth","#revealed. # In a supreme irony, the folding back of time, at the end, finds the gansta rap son of Ruth",6ea387591ace12569174cefd39a1b870
2,back,time,1990,FIC,VirginiaQRev,"#is very nice, how you get up on the back of time and ride and you don't know where it will go or","#is very nice, how you get up on the back of time and ride and you don't know where it will go or",c1c3470ef639329aefa1daf522e480a4
3,area,existence,2012,BLOG,...documentaryfilms.com,#. Perhapse science will evolve beyond the known areas of existence. Who knows what will come # But I do nt blame him for,#. Perhapse science will evolve beyond the known areas of existence. Who knows what will come # But I do nt blame him for,a719464486e167bd6c1210940d5a0b38
4,area,existence,1996,FIC,Tikkun,"#only semi-voluntarily, placed this man in an area of existence too terrible to contemplate. Even when he teased me, smiling kindly,","#only semi-voluntarily, placed this man in an area of existence too terrible to contemplate. Even when he teased me, smiling kindly,",0d4e4ff3527c0a69db6e283d9455fb7b
5,area,existence,1992,MAG,ChristCentury,#religious attitude based on that tradition to all areas of existence. Thus religious education should stimulate that sense of wonder and the need to,#religious attitude based on that tradition to all areas of existence. Thus religious education should stimulate that sense of wonder and the need to,afba788568ab80b79cf302f83bbe9b83
6,place,existence,2012,BLOG,mandatory.com,#in a different (and hopefully better) place of existence where we'd have no desire to return to our prior LIFE. #,#in a different (and hopefully better) place of existence where we'd have no desire to return to our prior LIFE. #,4f4a5782804766acc2de79f167cf697b
7,place,existence,2012,BLOG,...discovermagazine.com,"#.) But in our assumptive God's place of existence, where perhaps time as we know it is not a dimension,.","#.) But in our assumptive God's place of existence, where perhaps time as we know it is not a dimension,.",3df93033d17097e0852340cd0084dba6
8,region,existence,2012,BLOG,lesswrong.com,#that; it becomes the responsibility of your region of existence to give them a happy future. You can't hand them back by,#that; it becomes the responsibility of your region of existence to give them a happy future. You can't hand them back by,fd9922ba0830b393aa00342cf8116d59
9,region,existence,1997,ACAD,AmerStudies,"#"" radical mystery "" with "" the problematic regions of existence "" by way of "" Mozart: An Overture. "" Likewise, the","#"" radical mystery "" with "" the problematic regions of existence "" by way of "" Mozart: An Overture. "" Likewise, the",cfe1e6335c366e3178994885f6fed1e5
10,place,is,2012,WEB,bible.cc,"#which word the LXX., both in the place of Is. 55:3, and in many others, use for that which is in the","#which word the LXX., both in the place of Is. 55:3, and in many others, use for that which is in the",cec2d36720830a115ed7add9f1a81938
11,area,time,2018,SPOK,PBS_Newshour,"#from the way I would interpret it, that that area of time has to be shielded from the NDA that existed during her time","#from the way I would interpret it, that that area of time has to be shielded from the NDA that existed during her time",fea8730cf64c1ae17234bdf2e4acd674
12,area,time,2017,SPOK,NPR_FreshAir,"#took that to heart. TERRY-GROSS# You know, that area of Times Square has always had a lot of movie marquees, you know","#took that to heart. TERRY-GROSS# You know, that area of Times Square has always had a lot of movie marquees, you know",20d009beadc7865fb63ef2803a9d1a23
13,area,time,2017,ACAD,Sport Marketing Quarterly,"#) noted for public FBS college athletic departments, the areas of time, enrollment, football success, and conference affiliation are useful in","#) noted for public FBS college athletic departments, the areas of time, enrollment, football success, and conference affiliation are useful in",0327a6b57ea79ec62616d945f8368f73
14,area,time,2012,WEB,mindtools.com,"#. The following is a quick summary of the main areas of time management that were explored in the quiz, and a guide to","#. The following is a quick summary of the main areas of time management that were explored in the quiz, and a guide to",983b7f8a071d1b6c5fe1b81ae34ee7f1
15,area,time,2012,WEB,amazon.com,"#between authors and philosophical themes, stretching over a vast area of time and subject. This rich book gives one a path through much","#between authors and philosophical themes, stretching over a vast area of time and subject. This rich book gives one a path through much",40d9b446d8f80a026f33422f97ad2b84
16,area,time,2009,ACAD,Education,"#was teaching. The tension emerged most clearly in the area of time management, with professors struggling to find time for their scholarly pursuits","#was teaching. The tension emerged most clearly in the area of time management, with professors struggling to find time for their scholarly pursuits",4f7e9e3b10d44f6ec156359dc26ea3ff
17,area,time,2003,SPOK,CNN_Politics,"#, or is it just a close -- a specified area of Times Square? HINOJOSA: No, no, no, no.","#, or is it just a close -- a specified area of Times Square? HINOJOSA: No, no, no, no.",ef50c8a50c262b6007b4738f64412b21
18,area,time,1996,SPOK,CNN_Talkback,"#I left court, they were just focusing on the area of time when O.J. Simpson said he recut his hand while in a Chicago","#I left court, they were just focusing on the area of time when O.J. Simpson said he recut his hand while in a Chicago",a951af57d92f085554f0165369de0bdc
19,area,time,1993,MAG,PsychToday,#? SR: My personal focus these days is this area of time and health. I'm currently working on a book on the,#? SR: My personal focus these days is this area of time and health. I'm currently working on a book on the,7b567e5058610b6dbdfdc35c813951db
20,area,time,1990,NEWS,NYTimes,"#next convention is because efforts to create legislation in the areas of time management, cost reduction and limitations in the recruiting process have been","#next convention is because efforts to create legislation in the areas of time management, cost reduction and limitations in the recruiting process have been",5ad066f2a303a9db57f164e72b410ee2
21,area,time,1990,ACAD,CanadaLaw,#classic case demonstrating the United States' inability in this area of time competition is the inception and production of the VCR. VCRs used,#classic case demonstrating the United States' inability in this area of time competition is the inception and production of the VCR. VCRs used,52861f7b49715b3e2c1ae835bf068d0d
22,setting,time,2012,WEB,webexhibits.org,"#Government decided not proceed with the bill, and the setting of time zones and daylight saving remains the responsibility of the state and territory","#Government decided not proceed with the bill, and the setting of time zones and daylight saving remains the responsibility of the state and territory",10575f022519554ee176819489d993ee
23,setting,time,2012,BLOG,...rapher.wordpress.com,"#very simple, it only takes some minutes to adjust settings of time and date, image size etc. The data is stored on","#very simple, it only takes some minutes to adjust settings of time and date, image size etc. The data is stored on",41c3fb8e91d6adabd9e9ff60f216e2de
24,setting,time,2011,MAG,TownCountry,"#, it takes on a mythic quality, the legendary setting of times long gone that were impossibly fun, and probably irreproducible. And","#, it takes on a mythic quality, the legendary setting of times long gone that were impossibly fun, and probably irreproducible. And",1808150db249bf32cb41f645f190ae51
25,place,time,2012,WEB,...omiccollapseblog.com,"#of them and the comments they have written in this place of time, where they will be remembered by me and by you!","#of them and the comments they have written in this place of time, where they will be remembered by me and by you!",1a9fb387d32d35743a650bc3368b5d52
26,place,time,1994,FIC,MassachRev,"#places, and no place at all, just the place of time and the sun fading, coffee in an unfamiliar cup, that","#places, and no place at all, just the place of time and the sun fading, coffee in an unfamiliar cup, that",d05b1fb17eddb541992aa4c5512cf2d4
27,region,time,1995,TV,Sliders,"#You need to maintain quantum coherence over a macroscopic compact region of time and space. The bridge, Conrad. We need to know","#You need to maintain quantum coherence over a macroscopic compact region of time and space. The bridge, Conrad. We need to know",99e3c2f744f58a9d6c3753873ebbf1ec
28,site,action,2019,ACAD,eLife,"#2016 (11)). The anatomic site of action (primary tumor or metastatic site or both), the particular stromal cell","#2016 (11)). The anatomic site of action (primary tumor or metastatic site or both), the particular stromal cell",dc5af399447c0be64187d7f87d9a1572
29,site,action,2019,ACAD,eLife,"#, from where it is offloaded to its site of action: the cell cortex (Figure 5A) (Markus and Lee, 2011b","#, from where it is offloaded to its site of action: the cell cortex (Figure 5A) (Markus and Lee, 2011b",c1f34f1163af2b2f5c87ef0e54934136
30,site,action,2019,ACAD,PLoS ONE,#aggression in rodents: from central release to sites of action. Horm Behav. 2012; 61:293-303. doi: **27;538;TOOLONG 22100184 # 39. Caldwell,#aggression in rodents: from central release to sites of action. Horm Behav. 2012; 61:293-303. doi: **27;538;TOOLONG 22100184 # 39. Caldwell,2e53b59d704e98821155a50c014b97a4
31,site,action,2019,ACAD,J Intl Soc Prev Comm Dent,"#which allows the light chain transportation to its site of action, that is, the protein complex. The light chain enzyme then cleaves","#which allows the light chain transportation to its site of action, that is, the protein complex. The light chain enzyme then cleaves",1a90005ab5727b69f1851ddc8c1f2fee
32,site,action,2018,ACAD,Studies in the Novel,"#the choral narrator, who is neither the site of action nor a source of knowledge. Indeed, where first-hand descriptions are made,","#the choral narrator, who is neither the site of action nor a source of knowledge. Indeed, where first-hand descriptions are made,",89da2156a89406366a815ef1c36d2012
33,site,action,2018,ACAD,Nature Reviews Microbiology,"#bacterial peptidoglycan layer is depicted, showing the sites of action of several peptidoglycan-degrading enzymes including N -acetylmuramoyl-L -alanine amidase (AmiD) and type","#bacterial peptidoglycan layer is depicted, showing the sites of action of several peptidoglycan-degrading enzymes including N -acetylmuramoyl-L -alanine amidase (AmiD) and type",fe1547cad1f9fb0f53dcd8b103a4bdcf
34,site,action,2017,ACAD,Neuron,"#membrane potential diffusion of second messenger to the site of action diffusion of Ca2+ to the nucleus, spread of the membrane potential to the","#membrane potential diffusion of second messenger to the site of action diffusion of Ca2+ to the nucleus, spread of the membrane potential to the",5a9e6f6118f8d9f27163a33a6a713c5f
35,site,action,2017,ACAD,Neuron,"#zone diffusion of second messenger away from the site of action diffusion of cGMP away from cationic channels in rod photoreceptor cells, attenuation of","#zone diffusion of second messenger away from the site of action diffusion of cGMP away from cationic channels in rod photoreceptor cells, attenuation of",941ca45b32cd7dd30aa978f3f139986a
36,site,action,2017,ACAD,Neuron,"#or diffusion of the target molecule to the site of action translocation of kinesin-bound GluR2 to dendrites, diffusion of Ca2+/CaM to the nucleus,","#or diffusion of the target molecule to the site of action translocation of kinesin-bound GluR2 to dendrites, diffusion of Ca2+/CaM to the nucleus,",878851121e875add20d94f109493088f
37,site,action,2017,ACAD,Neuron,#diffusion of the target molecule away from the site of action removal of AMPARs from the postsynaptic density synthesis of target molecule availability and activation,#diffusion of the target molecule away from the site of action removal of AMPARs from the postsynaptic density synthesis of target molecule availability and activation,3b9e0241bd68765507bf4b8b79005cb2
38,site,action,2012,WEB,ncbi.nlm.nih.gov,#to determine whether the sclera is a potential site of action for mAChR antagonists.  METHODS: # Cell lines of human scleral fibroblasts,#to determine whether the sclera is a potential site of action for mAChR antagonists. METHODS: # Cell lines of human scleral fibroblasts,56a2537ed93cff4da8bc24c3ffff43b2
39,site,action,2012,WEB,ncbi.nlm.nih.gov,#finding indicates that the sclera is a potential site of action for the used mAChR antagonists in,#finding indicates that the sclera is a potential site of action for the used mAChR antagonists in,da9b27851ddbc3efa14a4371ca65418b
40,site,action,2012,WEB,reuters.com,#new avenues for assessing the efficacy and possible site of action of new treatments,#new avenues for assessing the efficacy and possible site of action of new treatments,3fe8edde9f72817311cbd38c2da20cb1
41,site,action,2012,WEB,agbioforum.org,#Number of different herbicide active ingredients and herbicide sites of action used on at least 10% of hectares from 1995 to 2005 in soybean in,#Number of different herbicide active ingredients and herbicide sites of action used on at least 10% of hectares from 1995 to 2005 in soybean in,1cfe72e52f48384ea9066c927780c45c
42,site,action,2012,WEB,ncbi.nlm.nih.gov,"#three mechanisms are described below, and their sites of action in the cell are outlined in Figure 12-6. The first two mechanisms are","#three mechanisms are described below, and their sites of action in the cell are outlined in Figure 12-6. The first two mechanisms are",978fb089bd1fa46c4e3de4dbc8f0d469
43,site,action,2012,BLOG,healthcanal.com,"#against HCV. "" Our molecules use several sites of action in inhibiting the viral protease. Amongst these one which had not previously been","#against HCV. "" Our molecules use several sites of action in inhibiting the viral protease. Amongst these one which had not previously been",d455d36029d0b6b2768a014c26ac2eaa
44,site,action,2012,BLOG,fdalawblog.net,"#this NCE while exerting therapeutic activity at the site of action, and reviewers should appreciate that neither fluticasone furoate nor fluticasone pripionate is ever","#this NCE while exerting therapeutic activity at the site of action, and reviewers should appreciate that neither fluticasone furoate nor fluticasone pripionate is ever",e79478af29d378c79bd24934e311fd58
45,site,action,2009,ACAD,DrugIssues,"#have been largely identified both at the initial site of action and in the circuitry involved. In human imaging studies, decreases in dopaminergic","#have been largely identified both at the initial site of action and in the circuitry involved. In human imaging studies, decreases in dopaminergic",568ff65d593be0c5baca380dfe053459
46,site,action,2009,ACAD,DrugIssues,"#have been largely identified both at the initial site of action (receptor, reuptake site, etc.) as well as the circuitry involved","#have been largely identified both at the initial site of action (receptor, reuptake site, etc.) as well as the circuitry involved",cbcec469d9e50a774a4d613360fab82a
47,site,action,2008,ACAD,EarNoseThroat,"#) These two classes of drugs have different sites of action; echinocandins inhibit fungal cell wall formation, and triazoles inhibit cell membrane synthesis","#) These two classes of drugs have different sites of action; echinocandins inhibit fungal cell wall formation, and triazoles inhibit cell membrane synthesis",18e130e510612aed6c3753685d9158c1
48,site,action,2008,ACAD,Bioscience,"#) must be present at a specific biological site of action (a membrane or cellular receptor, for example). The concentration-effect threshold","#) must be present at a specific biological site of action (a membrane or cellular receptor, for example). The concentration-effect threshold",b96cf156659464c6b8c5aaf24a6f27f7
49,site,action,2007,ACAD,OrthoNursing,#even calcium and vitamin D all affect this site of action. The aging process alone contributes a small fraction to bone loss. Physiological,#even calcium and vitamin D all affect this site of action. The aging process alone contributes a small fraction to bone loss. Physiological,4457d16a64798ef10f42128ba9484fd3
50,site,action,2006,ACAD,EarNoseThroat,"#3) drug can be delivered to the site of action in higher concentrations, (4) the side effects of systemic drug therapy","#3) drug can be delivered to the site of action in higher concentrations, (4) the side effects of systemic drug therapy",607c642c0038fa76b25f1f91687a3d02
51,site,action,2003,ACAD,Lancet,#the concentration of intravenous anaesthetic agents at the site of action in the brain has prompted the development of systems to detect the depth of,#the concentration of intravenous anaesthetic agents at the site of action in the brain has prompted the development of systems to detect the depth of,899f4e51ca096c21e39df43d877dad30
52,site,action,2001,ACAD,ArtBulletin,"## Cholera's primary, most visible, site of action was, of course, the human body, whose extreme physiological devastation became","## Cholera's primary, most visible, site of action was, of course, the human body, whose extreme physiological devastation became",a25b8b53a455e28f219a591951d0f29d
53,site,action,1999,ACAD,Bioscience,"#this toxin, researchers have pinpointed a potential site of action for a new type of painkiller. Just in the last few years,","#this toxin, researchers have pinpointed a potential site of action for a new type of painkiller. Just in the last few years,",583079052774b98d47853d4c0a89f320
54,site,action,1998,MAG,TotalHealth,"#In studies reported in 1991, the preferential site of action for the kavalactones, which are the pharmacologically-active constituents in kava, was the","#In studies reported in 1991, the preferential site of action for the kavalactones, which are the pharmacologically-active constituents in kava, was the",8fafee4f56f0553277c1e9bf05f8d4d4
55,site,action,1998,ACAD,EarNoseThroat,#corticosteroids. Adverse effects can occur at the site of action and as a result of systemic absorption. The local side effects of intranasal,#corticosteroids. Adverse effects can occur at the site of action and as a result of systemic absorption. The local side effects of intranasal,bfdd8d2f2eabd2122cf6bf03583116bf
56,place,action,2019,ACAD,Naval War College Review,"#away from the place of origin or expected place of action of the force concerned. "" In the case of Germany it can be","#away from the place of origin or expected place of action of the force concerned. "" In the case of Germany it can be",db535f408fc172c67e22081fb5528be5
57,place,action,2012,WEB,slideshare.net,#to do what I want to do. Place of action The headquarters of Pa'tothom. At the entrance. People to whom the action,#to do what I want to do. Place of action The headquarters of Pa'tothom. At the entrance. People to whom the action,44de4e7597cff1a6eab3c765ee8484b0
58,place,action,2012,WEB,plosone.org,"#and the proteins are posttranslationally targeted to the place of action, the organelle they originally came from. Evolutionary relics documenting such processes have","#and the proteins are posttranslationally targeted to the place of action, the organelle they originally came from. Evolutionary relics documenting such processes have",085fe96eb19181b3ebb577c49123d33a
59,place,action,2012,WEB,12step.org,"#have found that willingness can serve in the place of action where we are unable to contact the person we have harmed. However,","#have found that willingness can serve in the place of action where we are unable to contact the person we have harmed. However,",d2b73fbb65dc5b72f9da72873193adf0
60,place,action,2012,BLOG,dailytradealert.com,"#the fall elections, so inaction took the place of action. # Now, with elections again a few years off, both parties","#the fall elections, so inaction took the place of action. # Now, with elections again a few years off, both parties",e477182054b440036b806d505d274966
61,place,action,2012,BLOG,blogs.adobe.com,"#energy, talents, and skills into a place of action for us. # I think it is serendipity! One of Adobe's","#energy, talents, and skills into a place of action for us. # I think it is serendipity! One of Adobe's",98b771c9fc2b109753303aee6ef82519
62,place,action,2002,SPOK,Fox_Sunday,"#Senate, the Senate seems to be the place of action this week. It's directed against Tom Daschle, the Senate majority leader","#Senate, the Senate seems to be the place of action this week. It's directed against Tom Daschle, the Senate majority leader",56639490ad1442077dbf4c1b61931935
63,place,action,2001,ACAD,Bioscience,#entity from its place of origin to its place of action. We term these agents vectors. Definition of vectors depends on where one,#entity from its place of origin to its place of action. We term these agents vectors. Definition of vectors depends on where one,b2d0e6870dbc8fbb5c1d64af48aba250
64,place,action,1997,ACAD,AmerStudies,"#carried out by the whole people. Other places of action like streets, taverns, roads, baths, etc., take on the","#carried out by the whole people. Other places of action like streets, taverns, roads, baths, etc., take on the",1c3c501bdcb877f2d9773ac5a72fb95f
65,place,action,1995,NEWS,SanFranChron,#major and often undesirable new plans take the place of action to relieve the plight of hard working taxpayers who must simply have access to,#major and often undesirable new plans take the place of action to relieve the plight of hard working taxpayers who must simply have access to,fa6aea5f381f18aa78d092bac2d877a2
66,place,action,1995,ACAD,Raritan,#For in Dostoevsky's Notes from Underground the place of action is not the concrete and objective outside world. The opening signals do not,#For in Dostoevsky's Notes from Underground the place of action is not the concrete and objective outside world. The opening signals do not,bf534ef960c2f41d1ed17ba2ba6c614c
67,place,action,1995,ACAD,Raritan,"#, and, from the start, the place of action is consciousness itself. The protagonist is not in an underground, the underground","#, and, from the start, the place of action is consciousness itself. The protagonist is not in an underground, the underground",3cefe925c6c6b2ac7f33389d0b873f8a
68,place,action,1993,ACAD,TheologStud,#not everything; it does not take the place of action in the very moment in which it renders action intelligible. 78 # The absolute,#not everything; it does not take the place of action in the very moment in which it renders action intelligible. 78 # The absolute,6b26d65c6924588166df78504c484655
69,place,action,1992,MAG,WashMonth,"#step-by-step cleanup program, complete with dates and places of action. Three days later, Specter reaped huge press coverage when, with cameras","#step-by-step cleanup program, complete with dates and places of action. Three days later, Specter reaped huge press coverage when, with cameras",84e11d86ca7994bb1429aee13a4cc3c4
70,area,action,2014,ACAD,Ref&UserServQ,"#the library. These are all services, areas of action, that support the broader goals. # So what changes are in store","#the library. These are all services, areas of action, that support the broader goals. # So what changes are in store",05673eb2030720e2a5e1f4aaa939cb2f
71,area,action,2013,MAG,HistoryToday,"#to this defensive formation, which restricted the area of action of his most effective lone-ranee weapon. According to the evidence of Villani and","#to this defensive formation, which restricted the area of action of his most effective lone-ranee weapon. According to the evidence of Villani and",521dd1995e619e1a03c92379ec2420d6
72,area,action,2013,ACAD,PoliticsLifeSciences,"#university, which visits provide them with an area of actions which steadily offers the possibility of wrong reactions of affected employees, who are","#university, which visits provide them with an area of actions which steadily offers the possibility of wrong reactions of affected employees, who are",4dcbb29645c0616b6f5f3d8b93db2983
73,area,action,2012,WEB,energybulletin.net,"#may be exchanged and when. # This area of action research and analysis is central to the development of the LQN conceptual model,","#may be exchanged and when. # This area of action research and analysis is central to the development of the LQN conceptual model,",8b994188c5126141ba03e4c3b6ca0d2b
74,area,action,2012,WEB,...mesblogs.latimes.com,#study said. # Furedi said one key area of action would be the placement of effective teachers with lower-performing students. L.A. Supt. John,#study said. # Furedi said one key area of action would be the placement of effective teachers with lower-performing students. L.A. Supt. John,041483c4d338d37fe3f32e876bbff110
75,area,action,2012,BLOG,irevolution.net,"#we all need to pay attention to the areas of action highlighted in the report. "" Below are some of the highlighted areas from","#we all need to pay attention to the areas of action highlighted in the report. "" Below are some of the highlighted areas from",edc9df37bc01eac50835bbc2a9dcac57
76,area,action,2011,ACAD,DeltaKappaGamma,"#of the model is coverage that results in areas of action for schools, universities, and general education of the society. Project EILE","#of the model is coverage that results in areas of action for schools, universities, and general education of the society. Project EILE",0553fea9977747fb5bebdd4271b65071
77,area,action,2004,ACAD,Environment,"## INBio's work focuses on the following areas of action: inventory and monitoring, conservation, communications and education, biodiversity informatics,","## INBio's work focuses on the following areas of action: inventory and monitoring, conservation, communications and education, biodiversity informatics,",aeb1c7e8b3999387ba8decebbdd235a6
78,area,action,2000,ACAD,Environment,"#for environmental activities. JCP covers six component areas of action: policy, legal, and regulatory reform; institutional strengthening and human resource","#for environmental activities. JCP covers six component areas of action: policy, legal, and regulatory reform; institutional strengthening and human resource",deb21dd66d2d1a5c1146c1f5ee3d3b5c
79,area,action,1996,ACAD,MusicEduc,"#. In between these two ends lies the area of action research, which does require some training for the researcher. The use of","#. In between these two ends lies the area of action research, which does require some training for the researcher. The use of",a36801f6fe8119a7c594f33983157b4b
80,area,action,1994,NEWS,AssocPress,#we turned from our central position in the area of action and headed fast for the assault area where our troops were going in and,#we turned from our central position in the area of action and headed fast for the assault area where our troops were going in and,b762e19e53932f03c17dab7a82457f40
81,area,action,1993,ACAD,Environment,"#of six components that comprise broad and distinct areas of action. The first component is a set of policy, legal, and regulatory","#of six components that comprise broad and distinct areas of action. The first component is a set of policy, legal, and regulatory",e19a9feab750ae1f43ea994efefc5303
82,setting,act,1998,NEWS,Houston,"#. He said he has altered the customary setting of Act 1: Instead of being shabby, the Waldners' hotel suite is quite","#. He said he has altered the customary setting of Act 1: Instead of being shabby, the Waldners' hotel suite is quite",c132e54a9ff331c10b84067d82824500
83,setting,actor,2012,BLOG,larouchepac.com,"#. # It is from this kind of setting of actors in a real-life situation, that that categories of meaning of events or conditions","#. # It is from this kind of setting of actors in a real-life situation, that that categories of meaning of events or conditions",6f56006e7f7f0c7b377e651e4ffa269f
84,sphere,relationship,2012,BLOG,...ittletonbrothers.com,"#reason for the lack of involvement, whether in the sphere of relationships or other areas of society. # Lack of commitment is one","#reason for the lack of involvement, whether in the sphere of relationships or other areas of society. # Lack of commitment is one",111dce149fbb0b3dd26d025d9ed543a4
85,sphere,relationship,2012,BLOG,mikeduran.com,#I can't name a single Christian woman in my sphere of relationships that reads these books either. They read secularly published books because,#I can't name a single Christian woman in my sphere of relationships that reads these books either. They read secularly published books because,62afa53fd8c3c4a569145478189998d8
86,sphere,relationship,2012,BLOG,mikeduran.com,#I can't name a single Christian woman in my sphere of relationships that reads these books either. They read secularly published books because,#I can't name a single Christian woman in my sphere of relationships that reads these books either. They read secularly published books because,62afa53fd8c3c4a569145478189998d8
87,boundary,relationship,2018,MOV,Her Side of the Bed,"#paycheck once a week. Believe you me. The boundaries of relationships are a farce. You know, they're just like,","#paycheck once a week. Believe you me. The boundaries of relationships are a farce. You know, they're just like,",b132ddf5884fbc5a19d7f8599ce66103
88,sphere,power,2018,FIC,Fan Fic,"#started. "" What is the significance of those three spheres of power? Why not the others? "" # He smirked. ""","#started. "" What is the significance of those three spheres of power? Why not the others? "" # He smirked. """,79fa0f1aa9d8563f52272931a06934b2
89,sphere,power,2015,MAG,HistoryToday,"#certainly also reflected the southward shift in the Campbells' sphere of power and influence from the Loch Awe area to mid-Argyll and Cowal,","#certainly also reflected the southward shift in the Campbells' sphere of power and influence from the Loch Awe area to mid-Argyll and Cowal,",5e13f43195c0d6d4f222f455992d67f0
90,sphere,power,2012,WEB,pbs.org,"#run for public office. # The Supreme Leader's sphere of power is extended through his representatives, an estimated 2,000 of whom are","#run for public office. # The Supreme Leader's sphere of power is extended through his representatives, an estimated 2,000 of whom are",af306591ff4afeab6b51fa5ad21d5ca4
91,sphere,power,2011,NEWS,Houston,"#, far from the captain's table and any other sphere of power. Nonetheless, it is populated with compelling characters, including a","#, far from the captain's table and any other sphere of power. Nonetheless, it is populated with compelling characters, including a",14270609d0c4493f015b88209367409a
92,sphere,power,2007,ACAD,ChurchHistory,"#(n21) Rather than tracing the boundaries of gendered spheres of power, these female hagiographers were interested in legitimating institutional legacies left behind","#(n21) Rather than tracing the boundaries of gendered spheres of power, these female hagiographers were interested in legitimating institutional legacies left behind",92e9341c8f3e7509374a66dbbcdad4cb
93,sphere,power,2006,ACAD,AmerIndianQ,"#and exhibition content, national museums reveal the nation-state's spheres of power and influence. National museums exist to communicate official meanings, and","#and exhibition content, national museums reveal the nation-state's spheres of power and influence. National museums exist to communicate official meanings, and",f4b095dea08d376ba770c757ea80de06
94,sphere,power,2000,FIC,Bk:ChangeCommand,"#moment of his stay in that exile from his former sphere of power, and he had agreed to take early retirement to get quit","#moment of his stay in that exile from his former sphere of power, and he had agreed to take early retirement to get quit",bfbb69ac73e2f9b5a5424ea8a4783858
95,sphere,power,1997,ACAD,Church&State,"#remedy constitutional violations. # When Congress acts within its sphere of power and responsibilities, it has not just the right but the duty","#remedy constitutional violations. # When Congress acts within its sphere of power and responsibilities, it has not just the right but the duty",7f502b52af9e735ad0d30993d6ae4ba9
96,sphere,power,1995,ACAD,ArabStudies,"#their fiefdoms. # The state contends with virtually independent spheres of power which have territorial control, examples of which exist not only outside","#their fiefdoms. # The state contends with virtually independent spheres of power which have territorial control, examples of which exist not only outside",d2fb93df68184a069958cbe9608f9490
97,sphere,power,1995,ACAD,ArabStudies,"#also in the urban slums of Cairo. The independent spheres of power that Imbaba and Ain Shams represent, predate their being conquered by","#also in the urban slums of Cairo. The independent spheres of power that Imbaba and Ain Shams represent, predate their being conquered by",a16d27b016dde1531c2848e3e834dd3e
98,sphere,power,1995,ACAD,ArabStudies,"#, the state has found itself contending with the new spheres of power; calling on the coercive apparatus of the police in an attempt","#, the state has found itself contending with the new spheres of power; calling on the coercive apparatus of the police in an attempt",965ff5dd6e2eb6ecf12ce6f2aeeeaebf
99,sphere,power,1995,ACAD,ArabStudies,"#"" of the organized networks of corruption and the independent spheres of power are managed. Political stabilization sums up the regime's approach in","#"" of the organized networks of corruption and the independent spheres of power are managed. Political stabilization sums up the regime's approach in",154dbf5b802d79f62e632191479d5c86
100,sphere,power,1994,ACAD,ArabStudies,#of the private sector limiting the formation of independent political spheres of power able to influence a regime opening. 49 # Moving from the regional,#of the private sector limiting the formation of independent political spheres of power able to influence a regime opening. 49 # Moving from the regional,5b6631e27e0ac0174592bbf2fb3bf06e
101,sphere,power,1993,ACAD,LatAmPopScult,#of determined social conditions which are often favored by the spheres of power in order to legitimate their actions. 13 # There is no shortage,#of determined social conditions which are often favored by the spheres of power in order to legitimate their actions. 13 # There is no shortage,e4476133635ba3950fa4f29dc678e696
102,sphere,power,1993,ACAD,LatAmPopScult,"#the ideas operating, at that time, in the spheres of power. His films follow one line, as if they were all","#the ideas operating, at that time, in the spheres of power. His films follow one line, as if they were all",e043bc60337eac78894927f9a1182ca4
103,sphere,power,1991,ACAD,Ethnology,"#reflect less on cosmological and spiritual domains than on political spheres of power and control; e.g., new commercial elites ally with conservative factions","#reflect less on cosmological and spiritual domains than on political spheres of power and control; e.g., new commercial elites ally with conservative factions",8e14f33fd28ad0fc90a60a7430e38bdd
104,sphere,power,1991,ACAD,LatAmPopScult,"#concept of an "" authentic "" culture existing outside the sphere of power (i.e., relations of production) altogether was, in principle","#concept of an "" authentic "" culture existing outside the sphere of power (i.e., relations of production) altogether was, in principle",e1de8354325057d32679fad2bfcf17c1
105,sphere,power,1990,FIC,Bk:PeopleWolf,"#a whole out of the system. It joins the spheres of Power. Taps the spirits of the rock, the wood, the","#a whole out of the system. It joins the spheres of Power. Taps the spirits of the rock, the wood, the",0156c45f2ce4c8dea4bb6a647b980ebc
106,sphere,power,1990,MAG,NewRepublic,"#or lies, of feelings or wishes. # The sphere of power, which perhaps emerged originally from military and organizational functions, had","#or lies, of feelings or wishes. # The sphere of power, which perhaps emerged originally from military and organizational functions, had",ffc47c118f867a3322de5c0ccfe5a0e3
107,sphere,control,2013,ACAD,CollegeStud,"#MacMillan, 1988). For this reason Paulhus's Spheres of Control Personal Control subscale (Paulhus, 1983) may be preferable to","#MacMillan, 1988). For this reason Paulhus's Spheres of Control Personal Control subscale (Paulhus, 1983) may be preferable to",4367948e75c48cf6f7ffee67f6aadb3b
108,sphere,control,2012,WEB,forbes.com,"#to say, I either have something within my own sphere of control, or I don't. If I have something on my","#to say, I either have something within my own sphere of control, or I don't. If I have something on my",c58bcdc27063e195b16c6c1d72ffd719
109,sphere,control,2012,WEB,theatlantic.com,"#most rapidly modernizing, all operate within PACOM' s sphere of control. PACOM has -- in addition to its many warships and submarines","#most rapidly modernizing, all operate within PACOM' s sphere of control. PACOM has -- in addition to its many warships and submarines",f94756aaaf7f6a44afde806d3833cda8
110,sphere,control,2012,WEB,nybooks.com,#second question I distinguished. What is Congress's proper sphere of control in health care matters? # The principle I described -- the,#second question I distinguished. What is Congress's proper sphere of control in health care matters? # The principle I described -- the,e5d0eeac460eea40c3c07b9e44740635
111,sphere,control,2012,BLOG,...coffee.wordpress.com,"#that. I can only change the things in my sphere of control, like my own purchasing behavior. And I can shine a","#that. I can only change the things in my sphere of control, like my own purchasing behavior. And I can shine a",72045025f70f29cb1febf0866c09ecd3
112,sphere,control,2002,ACAD,SocialPsych,"#locus of control by Paulhus's (1983) 30-item Spheres of Control Scale, which is divided into three separate spheres of behavior:","#locus of control by Paulhus's (1983) 30-item Spheres of Control Scale, which is divided into three separate spheres of behavior:",95fb1928bc600b569940b0c960686579
113,sphere,control,2001,MOV,Conspiracy,"#In what is, or will be soon, our sphere of control over 11 million chosen people. - The changing definitions? -","#In what is, or will be soon, our sphere of control over 11 million chosen people. - The changing definitions? -",f2c8e8c7c68d8806f7459cfc42c88486
114,sphere,control,1996,NEWS,WashPost,"#concerned in terms of attempting to monitor events outside its sphere of control. As you know, much of our endeavors have been in","#concerned in terms of attempting to monitor events outside its sphere of control. As you know, much of our endeavors have been in",1d7035a9837447b4bc2b75387242a1b8
115,sphere,control,1996,ACAD,CurrentPsych,"#and Interpersonal Control scales from Paulhus's (1983) Spheres of Control (SOC) battery, the Masculinity scale from the Personal Attributes","#and Interpersonal Control scales from Paulhus's (1983) Spheres of Control (SOC) battery, the Masculinity scale from the Personal Attributes",32c1855c44ab725d1978456597db315a
116,sphere,control,1996,ACAD,AsianAffairs,#in its gradual reintegration of Central Asia into a Russian sphere of control -- although whether in the form of outright absorption or while retaining,#in its gradual reintegration of Central Asia into a Russian sphere of control -- although whether in the form of outright absorption or while retaining,10f0a7a450b72c48aeba3e5311a01982
117,sphere,control,1995,ACAD,CurrentPsych,"#, 1987, 1989, 1990). # The Spheres of Control Scale. The Spheres of Control Scale (Paulhus, 1983)","#, 1987, 1989, 1990). # The Spheres of Control Scale. The Spheres of Control Scale (Paulhus, 1983)",6d04f777ad16048b532df6c604a21317
118,sphere,control,1995,ACAD,CurrentPsych,"#). # The Spheres of Control Scale. The Spheres of Control Scale (Paulhus, 1983) is a 30-item measure that assesses","#). # The Spheres of Control Scale. The Spheres of Control Scale (Paulhus, 1983) is a 30-item measure that assesses",26bd8e30ed85bd359ca5623b9f5740c2
119,sphere,control,1995,ACAD,CurrentPsych,"#significantly with socially prescribed perfectionism. # As for the spheres of control, personal control was related significantly with self-oriented perfectionism, r =","#significantly with socially prescribed perfectionism. # As for the spheres of control, personal control was related significantly with self-oriented perfectionism, r =",97638840f466d712b6b1c5c6d3bac814
120,sphere,control,1993,ACAD,WorldAffairs,"#in a coup that brought the republic into Serbia's sphere of control. There had been other storm signals, too (n1)","#in a coup that brought the republic into Serbia's sphere of control. There had been other storm signals, too (n1)",d030d5bad80448b76e4811924c871c28
121,sphere,control,1993,ACAD,WorldAffairs,#of Mikhail Gorbachev to use force to preserve the Soviet sphere of control there had fed the fatal Western illusion that everybody had come to,#of Mikhail Gorbachev to use force to preserve the Soviet sphere of control there had fed the fatal Western illusion that everybody had come to,d4ff92dfb2926a1babddf6314dde3697
122,boundary,power,2012,WEB,...ibertyblitzkrieg.com,"#offering any clear definition of this term, or clear boundaries of power under this law. # This past week's hearing was even","#offering any clear definition of this term, or clear boundaries of power under this law. # This past week's hearing was even",6f09573980357e43fdfe6a97495109a1
123,boundary,power,2012,BLOG,mitaliblog.com,"#dystopian, and fantasy novels: # When you crossed boundaries of power (cultural, racial, economic) to create characters, what","#dystopian, and fantasy novels: # When you crossed boundaries of power (cultural, racial, economic) to create characters, what",a69652692d0b194b0723066e239890f8
124,container,time,2012,WEB,...discovermagazine.com,#is subjective because energy is subjective and energy is the container of time (as space is the container of matter). Energy subjective,#is subjective because energy is subjective and energy is the container of time (as space is the container of matter). Energy subjective,661a5437e65091ebb345bd2b4f7c92d6
125,container,time,2012,WEB,...discovermagazine.com,#without anything experiencing it. Saying that energy is the container of time is a non sequitor. Arbitrarily assigning a perception as subjective is,#without anything experiencing it. Saying that energy is the container of time is a non sequitor. Arbitrarily assigning a perception as subjective is,9884cb093909c46832e1e041510e5b47
126,pang,emotion,2012,WEB,...ningham.blogspot.com,#Never have I heard more rich sound with such sorrowful pangs of emotion. They were voices from heaven and I was sure I had,#Never have I heard more rich sound with such sorrowful pangs of emotion. They were voices from heaven and I was sure I had,db7c113ffde017973a40e7f043216ce4
127,pang,emotion,2011,FIC,Bk:UnderAttack,"#okay? "" # I nodded, feeling a fresh pang of emotion washing over me. In the half-second it took to close my","#okay? "" # I nodded, feeling a fresh pang of emotion washing over me. In the half-second it took to close my",0c69ec18dae0a9237d1462ad39d727ce
128,pang,emotion,2007,FIC,Mov:Rataouille,"#COOK "". Colette stares at it, feeling a pang of emotion. CLOSE ON THE COOKBOOK. CLOSE ON COLETTE. Behind her","#COOK "". Colette stares at it, feeling a pang of emotion. CLOSE ON THE COOKBOOK. CLOSE ON COLETTE. Behind her",a346599e2df59a6b628b54be6cc47fb4
129,pang,emotion,2002,SPOK,NPR_FreshAir,"#eyes go from hooded to eerily wide, and each pang of emotion flickers across his features. He's not an actor of great","#eyes go from hooded to eerily wide, and each pang of emotion flickers across his features. He's not an actor of great",439fdcb642d622c7885c00e7ccaa19b0
130,twinge,emotion,2005,MAG,Prevention,"#advertisement for window spray or grout cleaner without feeling a twinge of emotion. "" I don't want to be overtaken by domestic duties","#advertisement for window spray or grout cleaner without feeling a twinge of emotion. "" I don't want to be overtaken by domestic duties",13386b84cd8bb988e070e4f49d3d0aad
131,twinge,emotion,2005,NEWS,Atlanta,#. Photo: LOUIE FAVORITE / StaffLoving voicesStanley feels a twinge of emotion as he talks to his family by phone from Camp Striker in,#. Photo: LOUIE FAVORITE / StaffLoving voicesStanley feels a twinge of emotion as he talks to his family by phone from Camp Striker in,46a49cf0cca57f2416fdd871d68d3f80
132,twinge,feeling,2011,MAG,NationalGeographic,"#the weather shifts toward the wet side, I get twinges of feelings. Sometimes it's that classic rainyday depressive mood (it's","#the weather shifts toward the wet side, I get twinges of feelings. Sometimes it's that classic rainyday depressive mood (it's",ac2d8239156b5485895d8a58916082a7
133,agony,emotion,1998,FIC,Bk:VoiceInWind,"#worn blue and orange tunic and cried out in an agony of emotion, "" My God! My God! Why hast thou forsaken","#worn blue and orange tunic and cried out in an agony of emotion, "" My God! My God! Why hast thou forsaken",3848bea39c15099d72542d39376f30a3
134,agony,feeling,2012,WEB,psychologytoday.com,"#been the victim of a betrayal, you know the agony of feeling cheated on and used. Your world views are shattered because if","#been the victim of a betrayal, you know the agony of feeling cheated on and used. Your world views are shattered because if",979ffeecfb62489813d94e15318fb2f2
135,pain,feeling,1995,SPOK,CNN_King,"#I think there's always, it seems, the pain of feeling misinterpreted. You know, when the prosecutor is making the prosecutor","#I think there's always, it seems, the pain of feeling misinterpreted. You know, when the prosecutor is making the prosecutor",4a14237c7babe3270e3c51fa9b7459d2
136,force,cause,2012,BLOG,blazersedge.com,#The number of variables is huge. The forces of cause and effect are as complex as the human equation. Nobody's going to,#The number of variables is huge. The forces of cause and effect are as complex as the human equation. Nobody's going to,6ee2b4e92d55b89389d18a4bf8324baf
137,power,effect,1991,NEWS,CSMonitor,#Humor makes one a different person. This power of effect doesn't stop below the neck... mirth is accompanied by perturbations thoughout the,#Humor makes one a different person. This power of effect doesn't stop below the neck... mirth is accompanied by perturbations thoughout the,4399ca5a7ff45ac08d82d320cf88a18f
138,accumulation,change,2012,BLOG,ribbonfarm.com,"#drives the evolution of civilizations, through monotonic, path-dependent accumulation of changes # I didn't settle on these five lightly. I must","#drives the evolution of civilizations, through monotonic, path-dependent accumulation of changes # I didn't settle on these five lightly. I must",f39184762248483ec0547bbd9e79fb13
139,accumulation,change,1999,ACAD,AmerStudies,#is no exception. Not only have there been an accumulation of changes in the evolution of this phenomenon as a result of the migrants,#is no exception. Not only have there been an accumulation of changes in the evolution of this phenomenon as a result of the migrants,b8797851ecb87e5c704c9ce884fae738
140,accumulation,change,1994,MAG,MensHealth,"#. Now, bear in mind that age is an accumulation of changes. If you consistently score above average, you're obviously a","#. Now, bear in mind that age is an accumulation of changes. If you consistently score above average, you're obviously a",fa060dc47557bf8dfa73ac4554481055
141,accumulation,change,1992,ACAD,Environment,"#almost all of which were initially driven by the rapid accumulation of changes in land use. These changes, however, were not quite","#almost all of which were initially driven by the rapid accumulation of changes in land use. These changes, however, were not quite",aa1402ec2580ff9ef3924bc0981524bc
142,acquisition,learning,2013,ACAD,InstrPsych,#educational shift from behaviorism to humanism. Primary to the acquisition of learning and knowledge from the andragogical perspective is the importance of experience for,#educational shift from behaviorism to humanism. Primary to the acquisition of learning and knowledge from the andragogical perspective is the importance of experience for,df0f633aa38fff470ecbc10edddf2876
143,acquisition,learning,1994,ACAD,Symposium,#marked the end of the aristocracy's monopoly on the acquisition of learning. They knew that their small shops housed the instruments that could,#marked the end of the aristocracy's monopoly on the acquisition of learning. They knew that their small shops housed the instruments that could,d475f91b5849b673c1314fc3475a7c42
144,appetite,desire,1994,ACAD,CrossCurrents,"#reward. 4 Instead of a life intoxicated by an untamed appetite of desire and domination that nothing can halt, one chooses the fullness of","#reward. 4 Instead of a life intoxicated by an untamed appetite of desire and domination that nothing can halt, one chooses the fullness of",42b5ffb465ac3700776e083f3b872ab8
145,movement,action,2013,ACAD,CanadianLiterature,#which are conveyed through the minimalist set and slow dance movements of actors (Nafziger-Leis 30). A number of production elements in the,#which are conveyed through the minimalist set and slow dance movements of actors (Nafziger-Leis 30). A number of production elements in the,cf035a9e06161d37dc1985fc556761d7
146,movement,action,2002,NEWS,Atlanta,"#), used its innovative computer software to capture the movements of actor Andy Serkis, who performed Gollum, and to provide Jackson's","#), used its innovative computer software to capture the movements of actor Andy Serkis, who performed Gollum, and to provide Jackson's",3fa569ac50d256b50a36e8f378f9b389
147,movement,introspection,2012,WEB,godconsciousness.com,"#and that is the Great Process, the movement of introspection of the second kind -- but the path is entirely new: this is","#and that is the Great Process, the movement of introspection of the second kind -- but the path is entirely new: this is",8a8d5221c41260f59af86539fba75d02
148,movement,introspection,2012,WEB,godconsciousness.com,"#the next circle, to engage in the movement of introspection of the second kind. And here, too, it is pointless to","#the next circle, to engage in the movement of introspection of the second kind. And here, too, it is pointless to",e9efdc1cda4e01c4497dde286efa8c57
149,go,emotion,1994,NEWS,Chicago,"#full of love and forgiveness and the letting go of emotions. And though I've always been attracted to very dark plays, I","#full of love and forgiveness and the letting go of emotions. And though I've always been attracted to very dark plays, I",a79887a22582ab9efbc5cfe204f5bfef
150,speed,action,2017,MAG,Ars Technica,"#emerged gradually out of experiments to combine the excitement and speed of action games with the deliberateness and depth of strategy. Then, suddenly","#emerged gradually out of experiments to combine the excitement and speed of action games with the deliberateness and depth of strategy. Then, suddenly",6cb10fc5da05755aa225711e8e23d98d
151,speed,action,2012,BLOG,...cyabcs.wordpress.com,"#for participation and sharing... # "" Thought at the speed of action... ""  Perspectives on how the world is evolving... #","#for participation and sharing... # "" Thought at the speed of action... "" Perspectives on how the world is evolving... #",38dc310f17f1e259d5f8f977c3af3c0a
152,speed,action,2011,FIC,Bk:Lady-Protector,"#'s departure. She did have to admire Cheleyza's speed of action. "" Commander... if you would come with me... ""","#'s departure. She did have to admire Cheleyza's speed of action. "" Commander... if you would come with me... """,dd250d4bac102f1ffdf120f9a4bdf34c
153,speed,action,1991,SPOK,ABC_Nightline,"#. This was a city stunned by the gravity and speed of action. Roads were virtually empty, but some motorists were speeding away","#. This was a city stunned by the gravity and speed of action. Roads were virtually empty, but some motorists were speeding away",210c6fed767b374ad69d38831d07985d
154,speed,action,1991,NEWS,NYTimes,#a peaceful future for the Mideast. # But their speed of action hints at something troubling: Mr. Bush and Mr. Baker also may,#a peaceful future for the Mideast. # But their speed of action hints at something troubling: Mr. Bush and Mr. Baker also may,33a1afbf04a8f0f20a4edb488e91f570
155,sweep,time,2016,MAG,MarketWatch,"## When you look at the data over a longer sweep of time, it is clear that putting your money to work sooner rather","## When you look at the data over a longer sweep of time, it is clear that putting your money to work sooner rather",d19510ea8d64457a7f825a8c2d826fe1
156,sweep,time,2015,MAG,NewStatesman,#The planets and stars are moving round God in slow sweeps of Time. # Laura came in with bread and cheese and beer and,#The planets and stars are moving round God in slow sweeps of Time. # Laura came in with bread and cheese and beer and,3fbc16c03396a196ea1b02031ba08b1c
157,sweep,time,2012,BLOG,cerebrovortex.com,#have devised what are termed as scaling techniques within a sweep of time scales. The signals are not under some metronome of pacing in,#have devised what are termed as scaling techniques within a sweep of time scales. The signals are not under some metronome of pacing in,1a6f58919b96c62ac603bfb866c30993
158,sweep,time,2009,MAG,TownCountry,"#than the brothers were actually alive, he makes the sweep of time they experience an odyssey that the blind Homer, as narrator,","#than the brothers were actually alive, he makes the sweep of time they experience an odyssey that the blind Homer, as narrator,",53a517966b495681fbf916ca55dc30e3
159,sweep,time,2006,MAG,AmericanCraft,"#between his quest forfundamental, archetypal forms and the inevitable sweep of time and decay in the natural world of the body. In Janus","#between his quest forfundamental, archetypal forms and the inevitable sweep of time and decay in the natural world of the body. In Janus",d6c3983185adfa2b2633ddda2b5182bb
160,sweep,time,2006,MAG,AmSpect,#Redemption. Morgan Llywelyn's novels cover a very broad sweep of time. Her most recent novels are set in the 20th century beginning,#Redemption. Morgan Llywelyn's novels cover a very broad sweep of time. Her most recent novels are set in the 20th century beginning,77f11ca7b1828e2b1ad6084537e6d8ee
161,sweep,time,2000,MAG,People,"#to the ocean's bottom. "" I saw the sweep of time, the ancient processes that have worked through the millenniums, ""","#to the ocean's bottom. "" I saw the sweep of time, the ancient processes that have worked through the millenniums, """,818e7e3f63c6bdb5159204b9329f398f
162,sweep,time,1996,FIC,FantasySciFi,"#me to remember how insubstantial human dreams are in the sweep of time. "" # "" And sometimes, how unprincipled? "" she","#me to remember how insubstantial human dreams are in the sweep of time. "" # "" And sometimes, how unprincipled? "" she",a427f98d65499866de8205783f1d3877
163,sweep,time,1993,FIC,Bk:BeamMeUp,"#awe he'd once experienced in contemplating the p23 great sweep of time and space, wondering about the peculiar evolutionary magic that had put","#awe he'd once experienced in contemplating the p23 great sweep of time and space, wondering about the peculiar evolutionary magic that had put",f3e85d658279780807548a26843c6e79
164,sweep,time,1992,ACAD,SocialStudies,"#history teaching, and students need to grasp thoroughly the sweep of time in order to sequence events, people, and ideas. The","#history teaching, and students need to grasp thoroughly the sweep of time in order to sequence events, people, and ideas. The",8b6841355d9b6998e992d15e8d68ba4b
165,sweep,time,1992,ACAD,AmerEthnicHis,"#, for the former look at it over the long sweep of time and from the available archives, while the latter look closely at","#, for the former look at it over the long sweep of time and from the available archives, while the latter look closely at",f79ce46af002ca87dd805eeb6873d23f
166,speed,time,2018,ACAD,Studies in the Novel,"#be displayed at the same time, but also different speeds of time. A graphic narrative does not dictate the speed of reading the","#be displayed at the same time, but also different speeds of time. A graphic narrative does not dictate the speed of reading the",1d29bc32ad7675b9b8adf466787abeb7
167,speed,time,2017,FIC,Bk:ElegantTheory,"#infinitum. The distance remains constant; therefore, the speed of time is constant. If, however, the mirrors are in motion","#infinitum. The distance remains constant; therefore, the speed of time is constant. If, however, the mirrors are in motion",3930759b20a817f0623c183ecc0bf849
168,speed,time,2012,WEB,jw.org,#wish. Accept the fact that time moves at the speed of time and not at the speed of your expectations. That is patience,#wish. Accept the fact that time moves at the speed of time and not at the speed of your expectations. That is patience,3f971fbef863394fbed3a7e6958caa0c
169,speed,time,2012,WEB,nytimes.com,"#exponentially faster as one falls in). # The Speed of Time # But wait a second, how can we say that time","#exponentially faster as one falls in). # The Speed of Time # But wait a second, how can we say that time",447317de73098f39d5b7279913502ee7
170,speed,time,2009,FIC,Analog,"#. "" He gave a goodnatured laugh. "" The speed of time. Very much in the spirit of relativity theory. "" He","#. "" He gave a goodnatured laugh. "" The speed of time. Very much in the spirit of relativity theory. "" He",fc4935ad8a6ce35efdd1070abfd91753
171,speed,time,2009,FIC,Analog,"#seems to have borne real fruit. "" "" The speed of time bears bitter fruit, "" said Robert with a sigh. ""","#seems to have borne real fruit. "" "" The speed of time bears bitter fruit, "" said Robert with a sigh. """,2172636528d47d287218c52cf5561ff6
172,speed,time,2009,TV,The Spectacular Spid...,"#?? Looking up with no surprise Arriving in the speed of time?? Ah, ah, ah, ah, ah?","#?? Looking up with no surprise Arriving in the speed of time?? Ah, ah, ah, ah, ah?",422644b7124eebcf18efd396bd7f1e3e
173,speed,time,2007,MAG,Bicycling (2),"#. "" OR "" I feel overwhelmed by the speed of time trials and tyne-trial-mtensity workouts. "" YOUR LIMITER IS: LACTATE THRESHOLD","#. "" OR "" I feel overwhelmed by the speed of time trials and tyne-trial-mtensity workouts. "" YOUR LIMITER IS: LACTATE THRESHOLD",33719d071393434bfe159d76ea563e5c
174,creep,time,2018,ACAD,Journal of Thought,"#don't happen overnight. They operate under the slow creep of time, creating a subtle yet pervasive effect on the mindset and the","#don't happen overnight. They operate under the slow creep of time, creating a subtle yet pervasive effect on the mindset and the",4974048a590189ed8448e1694d1bcf03
175,creep,time,1991,FIC,Bk:RunawaySoul,"#in someone else, and then the onward rush or creep of time deposits you in the middle of the singular death in yourself.","#in someone else, and then the onward rush or creep of time deposits you in the middle of the singular death in yourself.",589ec6912addd4541f9045f176e91579
176,inch,time,2012,BLOG,...hoftime.blogspot.com,#me via email for permission to use material from An Inch of Time. Thanks.  Follow by Email  Word  Favorite Books,#me via email for permission to use material from An Inch of Time. Thanks. Follow by Email Word Favorite Books,27feb2c2cf9be7f321c17d6035b6af2c
177,object,feeling,1999,ACAD,EnvirAffairs,"#a natural method of connecting feelings with the objects of feelings, this method can be discovered without subjectivism. (n195) # Schopenhauer held","#a natural method of connecting feelings with the objects of feelings, this method can be discovered without subjectivism. (n195) # Schopenhauer held",2d2f2d0244b7f9611b20790bbddcf890
178,object,feeling,1998,ACAD,EnvironEd,"#also mean the "" imaginative ascribing to an object of feelings or attitudes present in oneself "" (Webster's Encyclopedic Unabridged Dictionary, 1989","#also mean the "" imaginative ascribing to an object of feelings or attitudes present in oneself "" (Webster's Encyclopedic Unabridged Dictionary, 1989",9d44392dffda8d8fb0dc276549668ff9
179,object,feeling,1995,MAG,ChristCentury,#based on the intuition of values as the objects of feeling. Scheler's style of thought was intuitive and introspective. He excelled at,#based on the intuition of values as the objects of feeling. Scheler's style of thought was intuitive and introspective. He excelled at,02fcdf8f7164b74454d8f5b68afe13c7
180,thing,emotion,2000,FIC,Analog,"#a tortured satellite, saw her as a thing of emotions and feelings, of moods and changes. He saw beauty where others saw","#a tortured satellite, saw her as a thing of emotions and feelings, of moods and changes. He saw beauty where others saw",042d1c586715e3cd934bf6889b3f0f06
181,object,emotion,2003,ACAD,PerspPolSci,"#is that it may make increasingly otiose certain objects of emotion and their conditions. In this, it is not unlike historical change generally","#is that it may make increasingly otiose certain objects of emotion and their conditions. In this, it is not unlike historical change generally",6dd4e5bf3fd1e6a257f6f894b36614fc
182,object,opportunity,2007,ACAD,Mercury,"#southern hemisphere. If there is a scientific object of opportunity, Watters says that the spacecraft's orbit can be drifted a bit north","#southern hemisphere. If there is a scientific object of opportunity, Watters says that the spacecraft's orbit can be drifted a bit north",5f6e2422f9708c1bdffa59828a7ebbd0
183,thing,chance,2012,WEB,bible.cc,"#which though said to happen, were not things of chance but of appointment; for as all the sufferings of Christ the head,","#which though said to happen, were not things of chance but of appointment; for as all the sufferings of Christ the head,",12ca2182ccddbe97efbb5d67b6cab81d
184,object,thought,2017,ACAD,The Review of Metaphysics,"#, 1954). That is: the objects of thought call forth or compel your thinking about them, and not vice versa. #","#, 1954). That is: the objects of thought call forth or compel your thinking about them, and not vice versa. #",4fbe369c4272a9489cbea72bc6ef2e2a
185,object,thought,2017,ACAD,The Review of Metaphysics,"#individuating conditions. In most cases, the object of thought is the universal nature of things. However, there is still a marginal","#individuating conditions. In most cases, the object of thought is the universal nature of things. However, there is still a marginal",00176820f74651147009f328987075f5
186,object,thought,2016,ACAD,Korean Studies,"#it a certain range of possibilities for problematizing objects of thought, but also precludes certain other kinds of ideational motifs, even the questions","#it a certain range of possibilities for problematizing objects of thought, but also precludes certain other kinds of ideational motifs, even the questions",81a59bae1177980b042b46076bf3d2c5
187,object,thought,2016,ACAD,Charles S. Peirce Society,"#, be intellectually symbolized and converted into an object of thought. (LW 5:254, emphasis added) # The notion that a noncognitive","#, be intellectually symbolized and converted into an object of thought. (LW 5:254, emphasis added) # The notion that a noncognitive",4a0c44da58d5ec9dad40b3ab4676e95b
188,object,thought,2012,WEB,papert.org,#thinking would have them get close to the objects of thought. The computer offers them objects of thought. But the closer they get,#thinking would have them get close to the objects of thought. The computer offers them objects of thought. But the closer they get,1eed4450a5305123c5659aa820c360d6
189,object,thought,2012,WEB,papert.org,"#objects of thought. The computer offers them objects of thought. But the closer they get to this machine, the more anxious they","#objects of thought. The computer offers them objects of thought. But the closer they get to this machine, the more anxious they",5c6d2650ee59cff7cd306278f1cf917b
190,object,thought,2012,WEB,nyu.edu,"#one of which could in principle be an object of thought. For another thing, there are systematic relations among beliefs: for example","#one of which could in principle be an object of thought. For another thing, there are systematic relations among beliefs: for example",ee9ae4fb42b4c36f3ec692edb59990f5
191,object,thought,2012,WEB,ruccs.rutgers.edu,"#of propositional attitudes when they aren't the objects of thought? # In both cases, there is the same crucial constraint on the","#of propositional attitudes when they aren't the objects of thought? # In both cases, there is the same crucial constraint on the",0da90fa6c393ce21358048863159718e
192,object,thought,2012,BLOG,...bjects.wordpress.com,#put the examples first (ie put the objects of thought before the thought) and in adequately describing them we lose the distinctions we,#put the examples first (ie put the objects of thought before the thought) and in adequately describing them we lose the distinctions we,c3b77fa91bec703a9e8dd2b19f8f7bae
193,object,thought,2012,BLOG,saints.sqpn.com (1),#creatures God may be present as an object of thought and will. He also causes these actions by a special working and indwelling,#creatures God may be present as an object of thought and will. He also causes these actions by a special working and indwelling,2c6fe887c75762b40e10148743d737c5
194,object,thought,2012,BLOG,...ngeline.blogspot.com,"#spirit that impels All thinking things, all objects of thought, And rolls through all things. "" # William Wordsworth, from Tintern","#spirit that impels All thinking things, all objects of thought, And rolls through all things. "" # William Wordsworth, from Tintern",c9a7b8a82422804c07ed3f7681bf9ba7
195,object,thought,2012,BLOG,...homism.wordpress.com,"#views of the finite. Say that every object of thought, for us, is finite (take this in the unobjectionable sense that","#views of the finite. Say that every object of thought, for us, is finite (take this in the unobjectionable sense that",0e076264659296d549aef27cb0ddeb9d
196,object,thought,2012,BLOG,opednews.com,"#2. Relating to or existing as an object of thought without consideration of independent existence --used chiefly in medieval philosophy # "" History does","#2. Relating to or existing as an object of thought without consideration of independent existence --used chiefly in medieval philosophy # "" History does",6e86b5f9a6bc0e8e8fd38dde1f99589d
197,object,thought,2012,BLOG,opednews.com,"#(a person) and objective was an object of thought. A person developed an object of thought and then analyzed it subjectively,","#(a person) and objective was an object of thought. A person developed an object of thought and then analyzed it subjectively,",98dcf53ff554a2ca58bff6c780edf544
198,object,thought,2012,BLOG,opednews.com,"#object of thought. A person developed an object of thought and then analyzed it subjectively, thus pursuing that object on the basis of","#object of thought. A person developed an object of thought and then analyzed it subjectively, thus pursuing that object on the basis of",dbc61aaea8d6df412527d167d78fd58c
199,object,thought,2009,ACAD,AnthropolQ,"#"" thinking "" imbues both thought and the objects of thought with semiotic vitality; thinking participates in, even manipulates, a world.","#"" thinking "" imbues both thought and the objects of thought with semiotic vitality; thinking participates in, even manipulates, a world.",81cd23bce6e1ff83af81320b157acb32
200,object,thought,2006,ACAD,RoeperReview,"#extent to which thinking is bound to the objects of thought (Greeno, Collins, &; Resnick, 1996). Put differently,","#extent to which thinking is bound to the objects of thought (Greeno, Collins, &; Resnick, 1996). Put differently,",fcdc19c69bb8c2662cec6b5e6c40da80
201,object,thought,2006,ACAD,NAJPsychology,"#include both positive and negative feelings about an object of thought (Thompson, Zanna, &; Griffin, 1995). When ambivalence is","#include both positive and negative feelings about an object of thought (Thompson, Zanna, &; Griffin, 1995). When ambivalence is",698c7ce2c7c2def7db0da0895f5d7142
202,object,thought,1996,ACAD,SocialPsych,"#when one has little prior knowledge about the object of thought. Moreover, neither Wright and Wells (1985), in their investigation","#when one has little prior knowledge about the object of thought. Moreover, neither Wright and Wells (1985), in their investigation",dc92a816cbddb9e68ec0411c28a7f683
203,object,thought,1996,ACAD,LatAmPopScult,#and the construction of popular culture as an object of thought and discussion. (To use an analogy: It is less about the,#and the construction of popular culture as an object of thought and discussion. (To use an analogy: It is less about the,aee2c6b92e6d88a22915e6a7b74c659d
204,object,thought,1992,ACAD,CrossCurrents,"#relation of a thinking subject to a neutral object of thought. "" Buber then offers by way of contrast: "" mutual contact,","#relation of a thinking subject to a neutral object of thought. "" Buber then offers by way of contrast: "" mutual contact,",7e2e040e0b578b2c1d21a262f3b67423
205,object,thought,1991,ACAD,Monist,#One way of resolving these difficulties concerning the objects of thought is to argue that there are terms which refer to things which must exist,#One way of resolving these difficulties concerning the objects of thought is to argue that there are terms which refer to things which must exist,7152a8f2dc74181a356e3ff83a5699d2
206,object,thought,1991,ACAD,CrossCurrents,#There is no text where there is no object of thought and investigation. (281) # The soul (both mine and the,#There is no text where there is no object of thought and investigation. (281) # The soul (both mine and the,2f0a9a612be8239b51adc4ca0bbed78f
207,object,thought,1991,ACAD,PerspPolSci,"#under the delusion of doing good for an object of thought, which has no real existence in the first place. "" For Marx","#under the delusion of doing good for an object of thought, which has no real existence in the first place. "" For Marx",1cdf347ac8d2b1c9036191c685d4eb26
208,sense,introspection,2010,NEWS,WashPost,"#. # "" People are responding to that sense of introspection, "" Fortune said. "" I really believe they are connecting with the","#. # "" People are responding to that sense of introspection, "" Fortune said. "" I really believe they are connecting with the",bbf58e80b8f702ea9a0cd6cd1eb57357
209,sense,introspection,1999,NEWS,WashPost,"#for some sign of presidential decorum. Some sense of introspection, a true understanding of what it means to give oneself to the public","#for some sign of presidential decorum. Some sense of introspection, a true understanding of what it means to give oneself to the public",2d950fdb0ea64aaf239b4c4bf9821523
210,sense,thinking,1997,ACAD,PerspPolSci,"#not constructed: # Thought, in the sense of thinking, is always somebody's thought. But again, by its very nature","#not constructed: # Thought, in the sense of thinking, is always somebody's thought. But again, by its very nature",0fe33e7c124e6d1a4995b12c86edf354
211,box,difficulty,2012,WEB,...hingtoninstitute.org,"#, which would open up a Pandora's box of difficulties for America, for Israel, for our partners throughout the region. ""","#, which would open up a Pandora's box of difficulties for America, for Israel, for our partners throughout the region. """,f0bfc186c8bf1ced6f1205666726c25c
212,way,opportunity,2017,ACAD,Studies in the Novel,"#unlike The Road it offers little in the way of opportunities for identification, personal investment, or empathy. Reading The Book of Illusions","#unlike The Road it offers little in the way of opportunities for identification, personal investment, or empathy. Reading The Book of Illusions",bc2555f570e12639b7c8714aab793246
213,way,opportunity,2012,WEB,ncronline.org,"#that don't put unnecessary roadblocks in the way of opportunity. And on and on. # Instead, we have elected leaders who","#that don't put unnecessary roadblocks in the way of opportunity. And on and on. # Instead, we have elected leaders who",795aac8065f03a2766d41dce92882d36
214,way,opportunity,2012,WEB,...hicagocubsonline.com,#! he did not get much in the way of opportunities in the field but when he did he flashed a strong arm. he,#! he did not get much in the way of opportunities in the field but when he did he flashed a strong arm. he,6052d189e7fa49e4b0892ca1b0ad2198
215,way,opportunity,2012,BLOG,...alrock.wordpress.com,"#, but don't have much in the way of opportunities. By the time a guy gets to his mid-20? s, he","#, but don't have much in the way of opportunities. By the time a guy gets to his mid-20? s, he",6ae6c3521c9964a9646a1969609abe49
216,way,opportunity,2010,ACAD,IntlAffairs,"#country, one that offers less in the way of opportunity for travel, study, or doing business than China or India, and","#country, one that offers less in the way of opportunity for travel, study, or doing business than China or India, and",3f16099891220d1d2eba361ef637d644
217,way,opportunity,2007,NEWS,CSMonitor,"#economy, West Virginia offers little in the way of opportunity for budding professionals. # "" Part of what has happened in West Virginia","#economy, West Virginia offers little in the way of opportunity for budding professionals. # "" Part of what has happened in West Virginia",661c7d4d36cd77d7b52f4b18bd9f629c
218,way,opportunity,2003,ACAD,AmerScholar,#steps that might have provided much in the way of opportunity for that big percentage of the Southern population to which he belonged. #,#steps that might have provided much in the way of opportunity for that big percentage of the Southern population to which he belonged. #,740ce2171ab3041f6e481086d7714bf6
219,way,opportunity,1998,MOV,Fag Hag,#Springs doesn't have a lot In the way of opportunity. Until they had the first ever Miss Hope Springs pageant. That's,#Springs doesn't have a lot In the way of opportunity. Until they had the first ever Miss Hope Springs pageant. That's,ebb033170eddbe2fa4ca8e5cdbdb01a8
220,way,opportunity,1993,TV,Star Trek: Deep Spac...,"#"" Never allow family to stand in the way of opportunity. "" I certainly never have. I told you he had brains.","#"" Never allow family to stand in the way of opportunity. "" I certainly never have. I told you he had brains.",5cd10804b2057e2d0f3d6ab7e9be3e04
221,avenue,opportunity,2017,ACAD,Studies in the Novel,"#unlike The Road it offers little in the way of opportunities for identification, personal investment, or empathy. Reading The Book of Illusions","#unlike The Road it offers little in the way of opportunities for identification, personal investment, or empathy. Reading The Book of Illusions",bc2555f570e12639b7c8714aab793246
222,avenue,opportunity,2012,WEB,ncronline.org,"#that don't put unnecessary roadblocks in the way of opportunity. And on and on. # Instead, we have elected leaders who","#that don't put unnecessary roadblocks in the way of opportunity. And on and on. # Instead, we have elected leaders who",795aac8065f03a2766d41dce92882d36
223,avenue,opportunity,2012,WEB,...hicagocubsonline.com,#! he did not get much in the way of opportunities in the field but when he did he flashed a strong arm. he,#! he did not get much in the way of opportunities in the field but when he did he flashed a strong arm. he,6052d189e7fa49e4b0892ca1b0ad2198
224,avenue,opportunity,2012,BLOG,...alrock.wordpress.com,"#, but don't have much in the way of opportunities. By the time a guy gets to his mid-20? s, he","#, but don't have much in the way of opportunities. By the time a guy gets to his mid-20? s, he",6ae6c3521c9964a9646a1969609abe49
225,avenue,opportunity,2010,ACAD,IntlAffairs,"#country, one that offers less in the way of opportunity for travel, study, or doing business than China or India, and","#country, one that offers less in the way of opportunity for travel, study, or doing business than China or India, and",3f16099891220d1d2eba361ef637d644
226,avenue,opportunity,2007,NEWS,CSMonitor,"#economy, West Virginia offers little in the way of opportunity for budding professionals. # "" Part of what has happened in West Virginia","#economy, West Virginia offers little in the way of opportunity for budding professionals. # "" Part of what has happened in West Virginia",661c7d4d36cd77d7b52f4b18bd9f629c
227,avenue,opportunity,2003,ACAD,AmerScholar,#steps that might have provided much in the way of opportunity for that big percentage of the Southern population to which he belonged. #,#steps that might have provided much in the way of opportunity for that big percentage of the Southern population to which he belonged. #,740ce2171ab3041f6e481086d7714bf6
228,avenue,opportunity,1998,MOV,Fag Hag,#Springs doesn't have a lot In the way of opportunity. Until they had the first ever Miss Hope Springs pageant. That's,#Springs doesn't have a lot In the way of opportunity. Until they had the first ever Miss Hope Springs pageant. That's,ebb033170eddbe2fa4ca8e5cdbdb01a8
229,avenue,opportunity,1993,TV,Star Trek: Deep Spac...,"#"" Never allow family to stand in the way of opportunity. "" I certainly never have. I told you he had brains.","#"" Never allow family to stand in the way of opportunity. "" I certainly never have. I told you he had brains.",5cd10804b2057e2d0f3d6ab7e9be3e04
230,bridge,opportunity,2012,BLOG,...merica.blogs.cnn.com,#my organization will be able to start a bridge of opportunity for them here in the United States by putting them on a path to,#my organization will be able to start a bridge of opportunity for them here in the United States by putting them on a path to,7956bd9a4423bef16255384ae058d4ea
231,bridge,opportunity,1993,SPOK,CBS_Morning,#build hope for children so that they see bridges of opportunity. And what I mean by that is to immunize our children against childhood,#build hope for children so that they see bridges of opportunity. And what I mean by that is to immunize our children against childhood,65c4c7792b36cf7461932ba5f435d50c
232,path,opportunity,1991,SPOK,PBS_Newshour,#that if the military is offering a great path of opportunity we should discourage young black and women from walking that path to improve themselves,#that if the military is offering a great path of opportunity we should discourage young black and women from walking that path to improve themselves,9f0483ef35067f1256204c55fb9a60b1
233,path,opportunity,1991,SPOK,PBS_Newshour,"#cut off their future and close off this path of opportunity. That is tyranny. MR-WALTERS: Again, this is simply not informed","#cut off their future and close off this path of opportunity. That is tyranny. MR-WALTERS: Again, this is simply not informed",1802f0917e3ad2216c2fdd915fb6eaaa
234,trail,chance,1993,FIC,BkSF:Xanadu,"#did not wing away on their own wild trail of chance associations and foolish jokes, taking his inner thoughts with them whether he would","#did not wing away on their own wild trail of chance associations and foolish jokes, taking his inner thoughts with them whether he would",bb0819ace02d26b465f1c2b396deec48
235,way,chance,1997,FIC,Mov:AbsolutePower,"#(V.O.) # Who can explain the ways of chance? If we had never met, I would not be President. If","#(V.O.) # Who can explain the ways of chance? If we had never met, I would not be President. If",83fcbd49c7c4f3a9e50307b14218ff28
236,resource,education,1991,ACAD,SchoolPsych,"#child, rather than for making available the processes and resources of education. Additionally Article 29 clarifies that the long-term best interests of the","#child, rather than for making available the processes and resources of education. Additionally Article 29 clarifies that the long-term best interests of the",652d1416d0a617bf624580790501e132
237,spring,action,2012,WEB,ethics.sandiego.edu,"#strictest examination, get completely behind the secret springs of action; since, when the question is of moral worth, it is not","#strictest examination, get completely behind the secret springs of action; since, when the question is of moral worth, it is not",203e6a1d19d54116aab2e0a410585930
238,spring,action,2012,WEB,ethics.sandiego.edu,"#merely by the law, without any other spring of action, although it may appear to be so. For it is always possible","#merely by the law, without any other spring of action, although it may appear to be so. For it is always possible",c14c0b11041bdce2b34f001c03a751c1
239,spring,action,2012,WEB,ethics.sandiego.edu,"#when they assume these, and therefore particular springs of action. The ends which a rational being proposes to himself at pleasure as effects","#when they assume these, and therefore particular springs of action. The ends which a rational being proposes to himself at pleasure as effects",a2042128b5f036161644a3bdd1726d18
240,spring,action,2012,WEB,ethics.sandiego.edu,"#authority all admixture of any interest as a spring of action; they were, however, only assumed to be categorical, because such","#authority all admixture of any interest as a spring of action; they were, however, only assumed to be categorical, because such",e70f86aced3f2d44be03632e402c7d39
241,spring,action,2012,WEB,ethics.sandiego.edu,#this independence of the maxim on all such springs of action that its sublimity consists; and it is this that makes every rational subject,#this independence of the maxim on all such springs of action that its sublimity consists; and it is this that makes every rational subject,8cd8d270ed3372b8ae6e28751826886b
242,spring,action,2012,WEB,constitution.org,"#use of fictions has declined; and the springs of action are disclosed where once they were concealed. Even now, they are not","#use of fictions has declined; and the springs of action are disclosed where once they were concealed. Even now, they are not",08fe4835c534bad4f65ad4e09e5240b4
243,spring,action,2012,BLOG,...sibility.typepad.com,"#Aristotle was working with similar views of the springs of action found in later writers (e.g., Aquinas, Suarez) who include acts","#Aristotle was working with similar views of the springs of action found in later writers (e.g., Aquinas, Suarez) who include acts",8f1de7954f57342b9e93ebb5b32e8cb1
244,spring,action,2007,ACAD,StudiesNovel,"#for narrative, is described as the "" spring of action "" that drives Caleb's story (6). Newly taken into the","#for narrative, is described as the "" spring of action "" that drives Caleb's story (6). Newly taken into the",383127ee2e2703ec354d92c82cf79fc0
245,spring,action,2001,ACAD,Raritan,#estimate from him because it faithfully renders the springs of action and shocks of consequence in a course of events over which he himself had,#estimate from him because it faithfully renders the springs of action and shocks of consequence in a course of events over which he himself had,b8fabd50fa51e9b882e2558ddcc84b81
246,spring,action,1996,ACAD,Humanist,"#congratulate ourselves at our success in discovering the springs of action. # Could there be, perhaps, just the slightest tension between these","#congratulate ourselves at our success in discovering the springs of action. # Could there be, perhaps, just the slightest tension between these",670980b4b191f7025f5eaa183465a4cb
247,spring,action,1994,SPOK,PBS_Newshour,"#is a teacher, but I think the springs of action are much more subtle and complex than simply passing laws. If people get","#is a teacher, but I think the springs of action are much more subtle and complex than simply passing laws. If people get",4c75b959f17e58d5e8c023acf378becf
248,spring,action,1993,ACAD,PerspPolSci,"#, if that passion was to be the spring of action. "" (n11) Hamilton's quest for renown can be seen in","#, if that passion was to be the spring of action. "" (n11) Hamilton's quest for renown can be seen in",192d5ec1a1b7f7f5ad86799ab5e5b8ef
249,step,action,2012,BLOG,practicalbull.com,#Bank could lead to other countries taking similar steps of action and revealing whether their gold reserves are,#Bank could lead to other countries taking similar steps of action and revealing whether their gold reserves are,f82424f6ca9131771a44a79776389ca8
250,step,action,2012,BLOG,hystery.blogspot.com,"#shake one another's hands. At every step of action and reflection, we repeat our process. Slowly, deliberately, passionately...","#shake one another's hands. At every step of action and reflection, we repeat our process. Slowly, deliberately, passionately...",288d7a9ea11c4741586d658589a2d028
251,step,action,2012,BLOG,occupywallst.org,"#what the occupiers stand for, our next step of action should be to start making citizens arrests! Just watch how fast the system","#what the occupiers stand for, our next step of action should be to start making citizens arrests! Just watch how fast the system",b089b8a3b41735048df5b68a1ffc018f
252,step,action,2010,SPOK,NPR_TellMore,"#and it also clears the way for the steps of action. So when you're overwhelmed, give yourself permission to, you know","#and it also clears the way for the steps of action. So when you're overwhelmed, give yourself permission to, you know",274684f69d0a8667a8d51979e65dad6a
253,step,action,1995,ACAD,InstrPsych,"#classroom setting. Best and kahn indicate the steps of action research as follows: 1) to identify the problems, 2) to","#classroom setting. Best and kahn indicate the steps of action research as follows: 1) to identify the problems, 2) to",64acbee5a33924f012638b9fc2b1fafb
254,pace,action,2017,NEWS,The Boston Globe,"## Jackson also criticized Walsh for his slow pace of action on race and gender issues, as well as what he sees as Walsh","## Jackson also criticized Walsh for his slow pace of action on race and gender issues, as well as what he sees as Walsh",1efb94d17605f354ef414a2a3e675951
255,pace,action,2012,WEB,managementhelp.org,#making and a springboard for a much increased pace of action. At Board Retreats that I facilitate today we take all the agreed to,#making and a springboard for a much increased pace of action. At Board Retreats that I facilitate today we take all the agreed to,e1ceb3dba519aab8514b8b1ad874f8ca
256,pace,action,2001,ACAD,Raritan,"#at moments of intense narrativity, when the pace of action and disclosure is being manifestly and self-consciously regulated, that voice emerges most vividly","#at moments of intense narrativity, when the pace of action and disclosure is being manifestly and self-consciously regulated, that voice emerges most vividly",f8ffdb4b6b99da3cf2a86210a7e1fbd7
257,pace,action,1994,NEWS,WashPost,"#of a new government but not its slow pace of action could wreak havoc. Ntuli noted that the township, which has been relatively","#of a new government but not its slow pace of action could wreak havoc. Ntuli noted that the township, which has been relatively",4e832354de979705d072b3ce5a0c1318
258,run,action,2019,MAG,ESPN,"#"" # What's crazier is the dramatic run of action on certain wrestlers once the predetermined outcome seems fairly clear. # "" I","#"" # What's crazier is the dramatic run of action on certain wrestlers once the predetermined outcome seems fairly clear. # "" I",67597deb1f21804d9b3e2655feab5023
259,run,action,2012,WEB,usatoday.com,"#during Saturday morning cartoons to pimp the latest run of action figures, those PSAs were the best things on TV to young Star Wars","#during Saturday morning cartoons to pimp the latest run of action figures, those PSAs were the best things on TV to young Star Wars",dc71563fdc04c4f2c09680cc5e418d58
260,size,increase,2000,NEWS,AssocPress,"#We don't need to define any figures for the size of increase at present time "", he said. "" We aren't","#We don't need to define any figures for the size of increase at present time "", he said. "" We aren't",73c77c2cec1b615f53f7ff80bc879335
261,size,increase,2000,NEWS,AssocPress,"#We don't need to define any figures for the size of increase at the present time, "" he said. "" We are","#We don't need to define any figures for the size of increase at the present time, "" he said. "" We are",56631595e01592248d58639d2d961c87
262,size,amount,2012,BLOG,fallacyfiles.org,"#'re not careful, you'll likely judge the comparative sizes of amounts based on area. # This is another type of potentially misleading","#'re not careful, you'll likely judge the comparative sizes of amounts based on area. # This is another type of potentially misleading",631bec0efbd7318a43b05c6a13958cf4
263,support,aid,2012,BLOG,dailykos.com,"#' choice for President, "" despite Willkie's outspoken support of aid to the Allies and frequent anti-Hitler speeches. It's nonsense like","#' choice for President, "" despite Willkie's outspoken support of aid to the Allies and frequent anti-Hitler speeches. It's nonsense like",205adeccb85696fe3a76e6186fc1c6ef
264,support,help,2007,SPOK,NPR_ATC,"#men and military, nor will I cut off the support of help to their families. OVERBY: So if the activists want to","#men and military, nor will I cut off the support of help to their families. OVERBY: So if the activists want to",089bb1d5fa2490d34713b67c37b58e27
265,touch,vision,1997,ACAD,AmerStudies,"#rare... keen and reasonable men with a touch of vision "" (1396). Through the character of Kittredge, Mailer also elegizes","#rare... keen and reasonable men with a touch of vision "" (1396). Through the character of Kittredge, Mailer also elegizes",3e4bbf29e0624cfced25bfab34cd44b1
266,transfer,cause,2012,WEB,legis.state.wv.us,"#by the Legislature. # 8-14. Pending causes; transfer of causes; records. # Until otherwise provided by law, all matters","#by the Legislature. # 8-14. Pending causes; transfer of causes; records. # Until otherwise provided by law, all matters",8e40fbe1513c1630debe4cb2d94ebbee
267,transfer,cause,2012,WEB,leg.wa.gov,"#, 1889. # SECTION 8 CHANGE OF COURTS - TRANSFER OF CAUSES. Whenever the judge of the superior court of any county,","#, 1889. # SECTION 8 CHANGE OF COURTS - TRANSFER OF CAUSES. Whenever the judge of the superior court of any county,",e2424260cd627f06b27c6d47bf489f36
268,transfer,cause,2001,ACAD,Style,"#turn to good "" (12.469-71). Such a transfer of cause and effect appears punningly in The Merchant of Venice, when Portia","#turn to good "" (12.469-71). Such a transfer of cause and effect appears punningly in The Merchant of Venice, when Portia",261ac414f259924a11ca40c785d9053f
269,transfer,effect,2013,ACAD,SchoolPsych,"#in word recognition accuracy, but findings were mixed regarding transfer of effects and changes in students' comprehension ability. RR in these studies","#in word recognition accuracy, but findings were mixed regarding transfer of effects and changes in students' comprehension ability. RR in these studies",ee5601820872b37588af7d81308eb6be
270,transfer,effect,2010,ACAD,VisualImpair,"#than did the untrained. Although our results suggest a transfer of effect from the low-level search task to the complex mobility task, the","#than did the untrained. Although our results suggest a transfer of effect from the low-level search task to the complex mobility task, the",6466142920ac1252cf3ff8b1a8c2447c
271,transfer,effect,1995,ACAD,ArmedForces,#they are ephemeral - neither case presents promising prospects for transfer of effects to civilian life. # Jennings and Markus measured political attitudes expressed,#they are ephemeral - neither case presents promising prospects for transfer of effects to civilian life. # Jennings and Markus measured political attitudes expressed,89f3db58e3046abe93265efd89dd9676
272,vertical,power,2014,NEWS,CSMonitor,"#often point to Mr. Yanukovych's creation of a "" vertical of power "" in Ukraine, much like the system Russian President Vladimir Putin","#often point to Mr. Yanukovych's creation of a "" vertical of power "" in Ukraine, much like the system Russian President Vladimir Putin",12007ad8c13b102c774463904643c9ae
273,vertical,power,2010,ACAD,IntlAffairs,"#were publicly motivated by the need to restore "" the vertical of power "" as the regional governments were subject to capture by local elites","#were publicly motivated by the need to restore "" the vertical of power "" as the regional governments were subject to capture by local elites",c3b20d5eacfa09814a2efd6c49cd51f1
274,vertical,power,2010,ACAD,IntlAffairs,"#demoted for failing to do so. Did "" the vertical of power "" really restrain misbehaving governors, strengthen incentives at the regional level","#demoted for failing to do so. Did "" the vertical of power "" really restrain misbehaving governors, strengthen incentives at the regional level",ec10fdb06c7eda2e85676927a6265d0e
275,vertical,power,2004,SPOK,NPR_Daybreak,"#it to us in Russian, please, this term vertical of power,' meaning the man at the top, Mr. Putin.","#it to us in Russian, please, this term vertical of power,' meaning the man at the top, Mr. Putin.",e3f1662c6b04a6bde3e981cad53403a6
276,alliance,claim,2016,NEWS,Los Angeles Times,#National Assn. of Healthcare Advocacy Consultants and the Alliance of Claims Assistance Professionals can offer referrals. # You may be able to resolve the,#National Assn. of Healthcare Advocacy Consultants and the Alliance of Claims Assistance Professionals can offer referrals. # You may be able to resolve the,80f19cb708149f9505a15c7ef3531da9
277,alliance,criticism,2003,ACAD,Style,"#as that of science. Thus from the alliance of criticism, science, and poetry was born the first fasicules of the Collected Articles","#as that of science. Thus from the alliance of criticism, science, and poetry was born the first fasicules of the Collected Articles",050b0f4848beb5ae34a84fdf9da23356
278,battle,argument,2012,BLOG,...uilder.wordpress.com,#much energy fighting. This isn't a battle of arguments or a battle of philosophies. It shouldn't even be a battle at,#much energy fighting. This isn't a battle of arguments or a battle of philosophies. It shouldn't even be a battle at,79e59f58d7b31632529f471c918908c6
279,battle,claim,2008,NEWS,CSMonitor,"#Ireland conflict. Her anecdote set off a battle of claims and counterclaims by others involved in the peace process, leaving a haze over","#Ireland conflict. Her anecdote set off a battle of claims and counterclaims by others involved in the peace process, leaving a haze over",565ce4fab5b508813d8a856001d8c220
280,battle,point,1994,SPOK,NPR_ATC,"#wars going all the way back to the Battle of Point Pleasant in 1774. There are a few local heroes, but mostly they","#wars going all the way back to the Battle of Point Pleasant in 1774. There are a few local heroes, but mostly they",d0a0c9b864fa86ec23411ae08271f2e1
281,battlefield,debate,2012,BLOG,theblaze.com,"#are ones who look foolish, engage the battlefield of debate, if your a praying man we could use a few good soldiers,","#are ones who look foolish, engage the battlefield of debate, if your a praying man we could use a few good soldiers,",552b26de9e0b082a868813157f5af769
282,blitz,criticism,2012,WEB,slate.com,"#and in some cases preemptively, with a blitz of criticism from those on the left, who, together, managed to hit the","#and in some cases preemptively, with a blitz of criticism from those on the left, who, together, managed to hit the",77c6b8684aaed34eea4c5b11df2efef2
283,blitzkrieg,criticism,2009,SPOK,CNN_Misc,#. MESERVE: On Capitol Hill a Republican blitzkrieg of criticism. REP-JOHN-BOEHNER-: They're going to move these prisoners from Gitmo to northwest,#. MESERVE: On Capitol Hill a Republican blitzkrieg of criticism. REP-JOHN-BOEHNER-: They're going to move these prisoners from Gitmo to northwest,c2bd22dad0138271dd52ca348c4a9fa9
284,war,argument,2012,BLOG,...rongwiththeworld.net,"#the Big Texter in the sky? In war of argument by authority, the one with the biggest stick wins. # I suspect","#the Big Texter in the sky? In war of argument by authority, the one with the biggest stick wins. # I suspect",1e810afa02c2b0e1cccbf311de6cc9bb
