,lemma_1,lemma_2,year,genre,source,text,clean_text
0,time,location,2004,ACAD,ChurchHistory,"before the locomotive age "" universal time "" did not even exist; time was location specific and set according to solar readings. Railway companies found this utterly unmanageable,","before the locomotive age "" universal time "" did not even exist; time was location specific and set according to solar readings. Railway companies found this utterly unmanageable,"
1,time,neighborhood,2005,SPOK,CBS_Morning,"from the first. Ms-PARKER: (Voiceover) The Soulsville USA neighborhood at that time was neighborhood that was transitioning, and this was becoming a predominantly African-American neighborhood. By virtue","from the first. Ms-PARKER: (Voiceover) The Soulsville USA neighborhood at that time was neighborhood that was transitioning, and this was becoming a predominantly African-American neighborhood. By virtue"
2,idea,food,2018,SPOK,NBC_Today,"it's too cute. HODA-KOTB) : Here with some of our favorite ideas is food expert and style expert, just all around expert -- KATHIE-LEE-GIFFORD) : Everything. HODA-KOTB)","it's too cute. HODA-KOTB) : Here with some of our favorite ideas is food expert and style expert, just all around expert -- KATHIE-LEE-GIFFORD) : Everything. HODA-KOTB)"
3,idea,food,2012,WEB,wikihow.com,"your movie night. # 2 # Ensure that you have snacks. Ideas are food such as popcorn (of course), chips and dip, cookies, candies","your movie night. # 2 # Ensure that you have snacks. Ideas are food such as popcorn (of course), chips and dip, cookies, candies"
4,idea,sugar,2012,BLOG,whereamiwearing.com,"giving a free pair of shoes to someone in poverty. The whole idea is sugar coated in emotions, fashion, and good intentions. It is funny that this","giving a free pair of shoes to someone in poverty. The whole idea is sugar coated in emotions, fashion, and good intentions. It is funny that this"
5,thought,food,2019,FIC,SouthernRev,"s what I did, until Ann got sick. # My first thought was food poisoning and I had identified a culprit, a Thai restaurant where I went for","s what I did, until Ann got sick. # My first thought was food poisoning and I had identified a culprit, a Thai restaurant where I went for"
6,cause,food,2012,BLOG,chriskresser.com,WELL. # My thinking is that being obese is not bad for health if cause is food reward from non toxic sources (Or micro-nutrient deficiency or infection).,WELL. # My thinking is that being obese is not bad for health if cause is food reward from non toxic sources (Or micro-nutrient deficiency or infection).
7,cause,food,2012,BLOG,...eparty.wordpress.com,". The mess in the house is increasing as well, with the most common cause being food fights or Mac's tornado furry around the house. Amidst the crazy",". The mess in the house is increasing as well, with the most common cause being food fights or Mac's tornado furry around the house. Amidst the crazy"
8,cause,food,2006,MAG,Parenting,"important to call if you have a baby under 1 with diarrhea. Whether the cause is food poisoning or something else, it needs attention. Sources: Althea Zanecosky","important to call if you have a baby under 1 with diarrhea. Whether the cause is food poisoning or something else, it needs attention. Sources: Althea Zanecosky"
9,desire,hunger,2012,WEB,justsomelyrics.com,"now baby here as I am pull me close, try and understand desire is hunger is the fire I breathe love is a banquet on which we feed # Come","now baby here as I am pull me close, try and understand desire is hunger is the fire I breathe love is a banquet on which we feed # Come"
10,desire,hunger,2010,SPOK,NPR_FreshAir,"here as I am. Pull me close, try and understand. Desire is hunger is the fire I breathe, love is a banquet on which we feed.","here as I am. Pull me close, try and understand. Desire is hunger is the fire I breathe, love is a banquet on which we feed."
11,resource,water,1998,ACAD,IntlAffairs,"that battles over resource scarcities will otherwise intensify in the long run, whether those resources are water, land, oil or other natural resources. # In other sectors","that battles over resource scarcities will otherwise intensify in the long run, whether those resources are water, land, oil or other natural resources. # In other sectors"
12,resource,water,1990,MAG,Wilderness,"People talk now about the timber in these forests when really their most important natural resource was water. "" # In 1907 no forest reserves, as they were then","People talk now about the timber in these forests when really their most important natural resource was water. "" # In 1907 no forest reserves, as they were then"
13,feeling,go,2000,SPOK,CNN_King,"that capsule, you have close to a chance of a cure. And my feeling is go for the cure. And remember, even radiation treatment, that --","that capsule, you have close to a chance of a cure. And my feeling is go for the cure. And remember, even radiation treatment, that --"
14,time,go,2017,SPOK,CNN_Newsroom,"on the status of the thing, made aware of when the next time was go. We went through the process to ensure that we continued to believe that the","on the status of the thing, made aware of when the next time was go. We went through the process to ensure that we continued to believe that the"
15,time,go,2012,WEB,amazon.com,"who were all the same and all they wanted to do all the time was go to the toilet! "" Well really - do they think The Sims 1 and","who were all the same and all they wanted to do all the time was go to the toilet! "" Well really - do they think The Sims 1 and"
16,time,go,2012,BLOG,aintitcool.com,face-hugger and chestburster. The implication was that it evolves each and every time is goes through another impregnation/birth cycle. The primordial face-hugger was it's most basic form -,face-hugger and chestburster. The implication was that it evolves each and every time is goes through another impregnation/birth cycle. The primordial face-hugger was it's most basic form -
17,time,go,2011,SPOK,NPR_TalkNation (1),". And one thing that we're having to deal all the time is go on to our Twitter feed, go on to our Facebook on our own website",". And one thing that we're having to deal all the time is go on to our Twitter feed, go on to our Facebook on our own website"
18,emotion,thing,2016,ACAD,Charles S. Peirce Society,"separate things called emotions in it "" (LW 10:48). What we call emotions are things that we reflectively discriminate after we have certain immediate qualitative experiences. We","separate things called emotions in it "" (LW 10:48). What we call emotions are things that we reflectively discriminate after we have certain immediate qualitative experiences. We"
19,emotion,thing,2014,ACAD,StudiesInEducation,". Unlike other forms of cognition, the things that are the object of the emotions are things that matter to us, that we care about or feel attached to",". Unlike other forms of cognition, the things that are the object of the emotions are things that matter to us, that we care about or feel attached to"
20,emotion,thing,2012,SPOK,PBS_Newshour,"interior life of the narrator, especially, is something that I felt -- those emotions are things that I felt myself. JEFFREY-BROWN# One of the things that comes through","interior life of the narrator, especially, is something that I felt -- those emotions are things that I felt myself. JEFFREY-BROWN# One of the things that comes through"
21,chance,thing,2012,BLOG,...ytails.wordpress.com,"n't what they seem,' or' I swear I just saw...' chances are things are what they seem to be. "" # "" So when you","n't what they seem,' or' I swear I just saw...' chances are things are what they seem to be. "" # "" So when you"
22,chance,thing,2002,FIC,Bk:HemlockBay,". He just hoped it would continue the way it had been planned, but chances were things would get screwed up. He'd deal with it; there was",". He just hoped it would continue the way it had been planned, but chances were things would get screwed up. He'd deal with it; there was"
23,chance,thing,2001,NEWS,Houston,"RHP Jason Bere, RHP Brian Williams, RHP Jim Brower. # Comment: Chances are things can't get much worse for the Indians from an injury standpoint.","RHP Jason Bere, RHP Brian Williams, RHP Jim Brower. # Comment: Chances are things can't get much worse for the Indians from an injury standpoint."
24,thought,thing,2018,FIC,Witness,"had heard such a thing could happen, the mind could manifest amazing configurations. Thoughts were things. Look at what his own mind had allowed. His Buddhist coworker","had heard such a thing could happen, the mind could manifest amazing configurations. Thoughts were things. Look at what his own mind had allowed. His Buddhist coworker"
25,thought,thing,2012,BLOG,...eoples.wordpress.com,"both touch on the idea of thoughts creating reality. Have you read them? Thoughts are things! PLEASE, quit destroying our world with your lack of rational,","both touch on the idea of thoughts creating reality. Have you read them? Thoughts are things! PLEASE, quit destroying our world with your lack of rational,"
26,thought,thing,2012,BLOG,...tart.bizjournals.com,"some free ice cream. # They probably will once they read this. # Thoughts are things, as my","some free ice cream. # They probably will once they read this. # Thoughts are things, as my"
27,thought,thing,2012,BLOG,...rystals.blogspot.com,with a hundred actions which lead to the circumstances we find ourselves in today. Thoughts are things and the mind is the builder. The free will we use to,with a hundred actions which lead to the circumstances we find ourselves in today. Thoughts are things and the mind is the builder. The free will we use to
28,idea,thing,2015,SPOK,Fox: The Five,s the budget maven. Maybe he can do something. But Paul Ryan's ideas were things like we need to transfer Medicare from an entitlement program to a voucher,s the budget maven. Maybe he can do something. But Paul Ryan's ideas were things like we need to transfer Medicare from an entitlement program to a voucher
29,idea,thing,2012,WEB,thedailymind.com,"trouble over a tiny little calcification! # Like I said, most of these ideas are things that I used when I was in bed with the saliva gland stone","trouble over a tiny little calcification! # Like I said, most of these ideas are things that I used when I was in bed with the saliva gland stone"
30,relationship,thing,2012,WEB,ask.metafilter.com,", with that in mind: # It's important to me to have my relationships be things my partners and I actively choose to be in. I don't",", with that in mind: # It's important to me to have my relationships be things my partners and I actively choose to be in. I don't"
31,relationship,thing,2012,WEB,abestweb.com,). # Maybe what makes me feel as bad as anything about the merchant-affiliate relationship are things like the thread started a couple of days ago when a merchant posted,). # Maybe what makes me feel as bad as anything about the merchant-affiliate relationship are things like the thread started a couple of days ago when a merchant posted
32,relationship,thing,2012,BLOG,...lastpsychiatrist.com,play some role in this. You seem to want to make it sound like relationships are things that happen to people and not dynamics that both people engage in and,play some role in this. You seem to want to make it sound like relationships are things that happen to people and not dynamics that both people engage in and
33,opportunity,way,1996,SPOK,CNN_Burden,"They need people that are doing that. And all of those types of programmatic opportunities are ways that kids can interface with adults, that they can get involved with","They need people that are doing that. And all of those types of programmatic opportunities are ways that kids can interface with adults, that they can get involved with"
34,quantity,size,2012,BLOG,...discovermagazine.com,"distinct from other KBOs shifts the focus to quantitative differences (whether that quantity is size, number of years since discovery or whatever). # I think we are","distinct from other KBOs shifts the focus to quantitative differences (whether that quantity is size, number of years since discovery or whatever). # I think we are"
35,debate,combat,2008,FIC,ScholScope,"is holding debate tryouts. Forty students cram into his living room. TOLSON: Debate is combat. Your weapons are words. N2: Tolson writes "" hot spot","is holding debate tryouts. Forty students cram into his living room. TOLSON: Debate is combat. Your weapons are words. N2: Tolson writes "" hot spot"
36,debate,combat,2007,SPOK,ABC_Nightline,"Wiley College taking on the national titans and winning. DENZEL-WASHINGTON-# Gentlemen and lady, debate is combat, but your weapons are words. DIANE-SAWYER-1-AB# (Voiceover) Denzel Washington directs and","Wiley College taking on the national titans and winning. DENZEL-WASHINGTON-# Gentlemen and lady, debate is combat, but your weapons are words. DIANE-SAWYER-1-AB# (Voiceover) Denzel Washington directs and"
