Unnamed: 0,lemma_1,lemma_2,year,genre,source,text,clean_text,sentence_key
0,time,location,2004,ACAD,ChurchHistory,"before the locomotive age "" universal time "" did not even exist; time was location specific and set according to solar readings. Railway companies found this utterly unmanageable,","before the locomotive age "" universal time "" did not even exist; time was location specific and set according to solar readings. Railway companies found this utterly unmanageable,",ba8766f0c84ec64f89b41b92ab1fa5b7
1,time,neighborhood,2005,SPOK,CBS_Morning,"from the first. Ms-PARKER: (Voiceover) The Soulsville USA neighborhood at that time was neighborhood that was transitioning, and this was becoming a predominantly African-American neighborhood. By virtue","from the first. Ms-PARKER: (Voiceover) The Soulsville USA neighborhood at that time was neighborhood that was transitioning, and this was becoming a predominantly African-American neighborhood. By virtue",eaf87024d551feba40c3009e54aac54e
2,idea,food,2018,SPOK,NBC_Today,"it's too cute. HODA-KOTB) : Here with some of our favorite ideas is food expert and style expert, just all around expert -- KATHIE-LEE-GIFFORD) : Everything. HODA-KOTB)","it's too cute. HODA-KOTB) : Here with some of our favorite ideas is food expert and style expert, just all around expert -- KATHIE-LEE-GIFFORD) : Everything. HODA-KOTB)",93aa7bbd3e75d45e99d6aed3385399f5
3,idea,food,2012,WEB,wikihow.com,"your movie night. # 2 # Ensure that you have snacks. Ideas are food such as popcorn (of course), chips and dip, cookies, candies","your movie night. # 2 # Ensure that you have snacks. Ideas are food such as popcorn (of course), chips and dip, cookies, candies",6b832a551340904fd9cdc93152f78840
4,idea,sugar,2012,BLOG,whereamiwearing.com,"giving a free pair of shoes to someone in poverty. The whole idea is sugar coated in emotions, fashion, and good intentions. It is funny that this","giving a free pair of shoes to someone in poverty. The whole idea is sugar coated in emotions, fashion, and good intentions. It is funny that this",a0cfc302f2246d166f370b303203e663
5,thought,food,2019,FIC,SouthernRev,"s what I did, until Ann got sick. # My first thought was food poisoning and I had identified a culprit, a Thai restaurant where I went for","s what I did, until Ann got sick. # My first thought was food poisoning and I had identified a culprit, a Thai restaurant where I went for",d9083cb0da207028c771bad2911e77ad
6,cause,food,2012,BLOG,chriskresser.com,WELL. # My thinking is that being obese is not bad for health if cause is food reward from non toxic sources (Or micro-nutrient deficiency or infection).,WELL. # My thinking is that being obese is not bad for health if cause is food reward from non toxic sources (Or micro-nutrient deficiency or infection).,4cca816f36f61590d187af6532f6fe54
7,cause,food,2012,BLOG,...eparty.wordpress.com,". The mess in the house is increasing as well, with the most common cause being food fights or Mac's tornado furry around the house. Amidst the crazy",". The mess in the house is increasing as well, with the most common cause being food fights or Mac's tornado furry around the house. Amidst the crazy",36fce025d9bfe7ea56a5d3796344bf02
8,cause,food,2006,MAG,Parenting,"important to call if you have a baby under 1 with diarrhea. Whether the cause is food poisoning or something else, it needs attention. Sources: Althea Zanecosky","important to call if you have a baby under 1 with diarrhea. Whether the cause is food poisoning or something else, it needs attention. Sources: Althea Zanecosky",8269ffd4a5ba0589a4a7472cd0c3cb16
9,desire,hunger,2012,WEB,justsomelyrics.com,"now baby here as I am pull me close, try and understand desire is hunger is the fire I breathe love is a banquet on which we feed # Come","now baby here as I am pull me close, try and understand desire is hunger is the fire I breathe love is a banquet on which we feed # Come",224c178f36107f1dd11bb85044e4db59
10,desire,hunger,2010,SPOK,NPR_FreshAir,"here as I am. Pull me close, try and understand. Desire is hunger is the fire I breathe, love is a banquet on which we feed.","here as I am. Pull me close, try and understand. Desire is hunger is the fire I breathe, love is a banquet on which we feed.",fd5a41ca901d3110335fc3a70d749732
11,resource,water,1998,ACAD,IntlAffairs,"that battles over resource scarcities will otherwise intensify in the long run, whether those resources are water, land, oil or other natural resources. # In other sectors","that battles over resource scarcities will otherwise intensify in the long run, whether those resources are water, land, oil or other natural resources. # In other sectors",ad5c32e1dd8694c8466ae2a87c648a5c
12,resource,water,1990,MAG,Wilderness,"People talk now about the timber in these forests when really their most important natural resource was water. "" # In 1907 no forest reserves, as they were then","People talk now about the timber in these forests when really their most important natural resource was water. "" # In 1907 no forest reserves, as they were then",6fa643cb30b978d413ae6416b71d8753
13,feeling,go,2000,SPOK,CNN_King,"that capsule, you have close to a chance of a cure. And my feeling is go for the cure. And remember, even radiation treatment, that --","that capsule, you have close to a chance of a cure. And my feeling is go for the cure. And remember, even radiation treatment, that --",e4e6155be261fb014ca47ea1fca8ab53
14,time,go,2017,SPOK,CNN_Newsroom,"on the status of the thing, made aware of when the next time was go. We went through the process to ensure that we continued to believe that the","on the status of the thing, made aware of when the next time was go. We went through the process to ensure that we continued to believe that the",8220e60b0d8c5341cb79d675bcd72822
15,time,go,2012,WEB,amazon.com,"who were all the same and all they wanted to do all the time was go to the toilet! "" Well really - do they think The Sims 1 and","who were all the same and all they wanted to do all the time was go to the toilet! "" Well really - do they think The Sims 1 and",54bd36c6b682896469ef83aead2d1675
16,time,go,2012,BLOG,aintitcool.com,face-hugger and chestburster. The implication was that it evolves each and every time is goes through another impregnation/birth cycle. The primordial face-hugger was it's most basic form -,face-hugger and chestburster. The implication was that it evolves each and every time is goes through another impregnation/birth cycle. The primordial face-hugger was it's most basic form -,653a83b7a73b72c1f3e3a93a6e475fed
17,time,go,2011,SPOK,NPR_TalkNation (1),". And one thing that we're having to deal all the time is go on to our Twitter feed, go on to our Facebook on our own website",". And one thing that we're having to deal all the time is go on to our Twitter feed, go on to our Facebook on our own website",225a4b8bd721dc3300c4016e7159ab3d
18,emotion,thing,2016,ACAD,Charles S. Peirce Society,"separate things called emotions in it "" (LW 10:48). What we call emotions are things that we reflectively discriminate after we have certain immediate qualitative experiences. We","separate things called emotions in it "" (LW 10:48). What we call emotions are things that we reflectively discriminate after we have certain immediate qualitative experiences. We",a7f6eceb91e5259bb288f85957cd7f28
19,emotion,thing,2014,ACAD,StudiesInEducation,". Unlike other forms of cognition, the things that are the object of the emotions are things that matter to us, that we care about or feel attached to",". Unlike other forms of cognition, the things that are the object of the emotions are things that matter to us, that we care about or feel attached to",61e704d1715de6dae1f9929d344d06b1
20,emotion,thing,2012,SPOK,PBS_Newshour,"interior life of the narrator, especially, is something that I felt -- those emotions are things that I felt myself. JEFFREY-BROWN# One of the things that comes through","interior life of the narrator, especially, is something that I felt -- those emotions are things that I felt myself. JEFFREY-BROWN# One of the things that comes through",1a88fa0aa0a3070275d1c24005965d57
21,chance,thing,2012,BLOG,...ytails.wordpress.com,"n't what they seem,' or' I swear I just saw...' chances are things are what they seem to be. "" # "" So when you","n't what they seem,' or' I swear I just saw...' chances are things are what they seem to be. "" # "" So when you",de195d20c7a4ee924a2f84c9ce1e0190
22,chance,thing,2002,FIC,Bk:HemlockBay,". He just hoped it would continue the way it had been planned, but chances were things would get screwed up. He'd deal with it; there was",". He just hoped it would continue the way it had been planned, but chances were things would get screwed up. He'd deal with it; there was",aab36dec094d861134f02053f97ff319
23,chance,thing,2001,NEWS,Houston,"RHP Jason Bere, RHP Brian Williams, RHP Jim Brower. # Comment: Chances are things can't get much worse for the Indians from an injury standpoint.","RHP Jason Bere, RHP Brian Williams, RHP Jim Brower. # Comment: Chances are things can't get much worse for the Indians from an injury standpoint.",701d644fb8bb1228569fb4f6b8ac76fe
24,thought,thing,2018,FIC,Witness,"had heard such a thing could happen, the mind could manifest amazing configurations. Thoughts were things. Look at what his own mind had allowed. His Buddhist coworker","had heard such a thing could happen, the mind could manifest amazing configurations. Thoughts were things. Look at what his own mind had allowed. His Buddhist coworker",e308126441b3862bd61e1254b88fe035
25,thought,thing,2012,BLOG,...eoples.wordpress.com,"both touch on the idea of thoughts creating reality. Have you read them? Thoughts are things! PLEASE, quit destroying our world with your lack of rational,","both touch on the idea of thoughts creating reality. Have you read them? Thoughts are things! PLEASE, quit destroying our world with your lack of rational,",d6875bd7ea969f03cb96f8b1f7e9143d
26,thought,thing,2012,BLOG,...tart.bizjournals.com,"some free ice cream. # They probably will once they read this. # Thoughts are things, as my","some free ice cream. # They probably will once they read this. # Thoughts are things, as my",87031a47f790bd600a4b5af9beaf5f9c
27,thought,thing,2012,BLOG,...rystals.blogspot.com,with a hundred actions which lead to the circumstances we find ourselves in today. Thoughts are things and the mind is the builder. The free will we use to,with a hundred actions which lead to the circumstances we find ourselves in today. Thoughts are things and the mind is the builder. The free will we use to,f173bf4ff10f83761d7c85da67d93929
28,idea,thing,2015,SPOK,Fox: The Five,s the budget maven. Maybe he can do something. But Paul Ryan's ideas were things like we need to transfer Medicare from an entitlement program to a voucher,s the budget maven. Maybe he can do something. But Paul Ryan's ideas were things like we need to transfer Medicare from an entitlement program to a voucher,c1ef3a1c833bb0dfdc11b38e58450755
29,idea,thing,2012,WEB,thedailymind.com,"trouble over a tiny little calcification! # Like I said, most of these ideas are things that I used when I was in bed with the saliva gland stone","trouble over a tiny little calcification! # Like I said, most of these ideas are things that I used when I was in bed with the saliva gland stone",0d1286854ed200d26e95e4def6b4308f
30,relationship,thing,2012,WEB,ask.metafilter.com,", with that in mind: # It's important to me to have my relationships be things my partners and I actively choose to be in. I don't",", with that in mind: # It's important to me to have my relationships be things my partners and I actively choose to be in. I don't",33910015a8ba7e5916ad52d19c9612df
31,relationship,thing,2012,WEB,abestweb.com,). # Maybe what makes me feel as bad as anything about the merchant-affiliate relationship are things like the thread started a couple of days ago when a merchant posted,). # Maybe what makes me feel as bad as anything about the merchant-affiliate relationship are things like the thread started a couple of days ago when a merchant posted,b9016e9b0eb40b4f67ce62a90e18b7de
32,relationship,thing,2012,BLOG,...lastpsychiatrist.com,play some role in this. You seem to want to make it sound like relationships are things that happen to people and not dynamics that both people engage in and,play some role in this. You seem to want to make it sound like relationships are things that happen to people and not dynamics that both people engage in and,f36f5e5d3f7d2e505e13786204efd391
33,opportunity,way,1996,SPOK,CNN_Burden,"They need people that are doing that. And all of those types of programmatic opportunities are ways that kids can interface with adults, that they can get involved with","They need people that are doing that. And all of those types of programmatic opportunities are ways that kids can interface with adults, that they can get involved with",76ae4b385db7c5039bb8016782cc91f5
34,quantity,size,2012,BLOG,...discovermagazine.com,"distinct from other KBOs shifts the focus to quantitative differences (whether that quantity is size, number of years since discovery or whatever). # I think we are","distinct from other KBOs shifts the focus to quantitative differences (whether that quantity is size, number of years since discovery or whatever). # I think we are",16e664d31590e6fee145a54d30315421
35,debate,combat,2008,FIC,ScholScope,"is holding debate tryouts. Forty students cram into his living room. TOLSON: Debate is combat. Your weapons are words. N2: Tolson writes "" hot spot","is holding debate tryouts. Forty students cram into his living room. TOLSON: Debate is combat. Your weapons are words. N2: Tolson writes "" hot spot",7ffddfda51068941b2545854c6b55976
36,debate,combat,2007,SPOK,ABC_Nightline,"Wiley College taking on the national titans and winning. DENZEL-WASHINGTON-# Gentlemen and lady, debate is combat, but your weapons are words. DIANE-SAWYER-1-AB# (Voiceover) Denzel Washington directs and","Wiley College taking on the national titans and winning. DENZEL-WASHINGTON-# Gentlemen and lady, debate is combat, but your weapons are words. DIANE-SAWYER-1-AB# (Voiceover) Denzel Washington directs and",bb0c6e91d84839c8d2c086212d473d2a
