Sentence_key	Article	Sentence	Tokens	Borderline_metaphor	Real_metaphors	Frame_label
ba8766f0c84ec64f89b41b92ab1fa5b7	0	0	before	1	0	Time_vector
ba8766f0c84ec64f89b41b92ab1fa5b7	0	0	the	0	0	_
ba8766f0c84ec64f89b41b92ab1fa5b7	0	0	locomotive	0	0	Vehicle
ba8766f0c84ec64f89b41b92ab1fa5b7	0	0	age	0	0	Calendric_unit
ba8766f0c84ec64f89b41b92ab1fa5b7	0	0	``	0	0	_
ba8766f0c84ec64f89b41b92ab1fa5b7	0	0	universal	0	0	_
ba8766f0c84ec64f89b41b92ab1fa5b7	0	0	time	0	0	_
ba8766f0c84ec64f89b41b92ab1fa5b7	0	0	``	0	0	_
ba8766f0c84ec64f89b41b92ab1fa5b7	0	0	did	0	0	Existence
ba8766f0c84ec64f89b41b92ab1fa5b7	0	0	not	0	0	Negation
ba8766f0c84ec64f89b41b92ab1fa5b7	0	0	even	0	0	_
ba8766f0c84ec64f89b41b92ab1fa5b7	0	0	exist	0	0	Existence
ba8766f0c84ec64f89b41b92ab1fa5b7	0	0	;	0	0	_
ba8766f0c84ec64f89b41b92ab1fa5b7	0	0	time	0	0	_
ba8766f0c84ec64f89b41b92ab1fa5b7	0	0	was	0	0	_
ba8766f0c84ec64f89b41b92ab1fa5b7	0	0	location	0	0	Locale
ba8766f0c84ec64f89b41b92ab1fa5b7	0	0	specific	0	0	_
ba8766f0c84ec64f89b41b92ab1fa5b7	0	0	and	0	0	_
ba8766f0c84ec64f89b41b92ab1fa5b7	0	0	set	1	0	_
ba8766f0c84ec64f89b41b92ab1fa5b7	0	0	according	0	0	Attributed_information
ba8766f0c84ec64f89b41b92ab1fa5b7	0	0	to	0	0	Attributed_information
ba8766f0c84ec64f89b41b92ab1fa5b7	0	0	solar	0	0	_
ba8766f0c84ec64f89b41b92ab1fa5b7	0	0	readings	0	0	_
ba8766f0c84ec64f89b41b92ab1fa5b7	0	0	.	0	0	_

ba8766f0c84ec64f89b41b92ab1fa5b7	0	1	Railway	0	0	_
ba8766f0c84ec64f89b41b92ab1fa5b7	0	1	companies	0	0	Businesses
ba8766f0c84ec64f89b41b92ab1fa5b7	0	1	found	1	0	Coming_to_believe
ba8766f0c84ec64f89b41b92ab1fa5b7	0	1	this	1	0	_
ba8766f0c84ec64f89b41b92ab1fa5b7	0	1	utterly	0	0	_
ba8766f0c84ec64f89b41b92ab1fa5b7	0	1	unmanageable	0	0	Stimulus_focus
ba8766f0c84ec64f89b41b92ab1fa5b7	0	1	,	0	0	_

eaf87024d551feba40c3009e54aac54e	1	0	from	0	0	_
eaf87024d551feba40c3009e54aac54e	1	0	the	0	0	_
eaf87024d551feba40c3009e54aac54e	1	0	first	0	0	Ordinal_numbers
eaf87024d551feba40c3009e54aac54e	1	0	.	0	0	_

eaf87024d551feba40c3009e54aac54e	1	1	Ms-PARKER	0	0	_
eaf87024d551feba40c3009e54aac54e	1	1	:	0	0	_
eaf87024d551feba40c3009e54aac54e	1	1	(	1	0	_
eaf87024d551feba40c3009e54aac54e	1	1	Voiceover	0	0	_
eaf87024d551feba40c3009e54aac54e	1	1	)	0	0	_
eaf87024d551feba40c3009e54aac54e	1	1	The	0	0	_
eaf87024d551feba40c3009e54aac54e	1	1	Soulsville	0	0	_
eaf87024d551feba40c3009e54aac54e	1	1	USA	0	0	_
eaf87024d551feba40c3009e54aac54e	1	1	neighborhood	0	0	_
eaf87024d551feba40c3009e54aac54e	1	1	at	1	0	Temporal_collocation
eaf87024d551feba40c3009e54aac54e	1	1	that	1	0	_
eaf87024d551feba40c3009e54aac54e	1	1	time	0	0	Temporal_collocation
eaf87024d551feba40c3009e54aac54e	1	1	was	0	0	_
eaf87024d551feba40c3009e54aac54e	1	1	neighborhood	0	0	_
eaf87024d551feba40c3009e54aac54e	1	1	that	0	0	_
eaf87024d551feba40c3009e54aac54e	1	1	was	0	0	_
eaf87024d551feba40c3009e54aac54e	1	1	transitioning	1	1	Undergo_change
eaf87024d551feba40c3009e54aac54e	1	1	,	0	0	_
eaf87024d551feba40c3009e54aac54e	1	1	and	0	0	_
eaf87024d551feba40c3009e54aac54e	1	1	this	1	0	_
eaf87024d551feba40c3009e54aac54e	1	1	was	0	0	_
eaf87024d551feba40c3009e54aac54e	1	1	becoming	0	0	Becoming
eaf87024d551feba40c3009e54aac54e	1	1	a	0	0	_
eaf87024d551feba40c3009e54aac54e	1	1	predominantly	0	0	_
eaf87024d551feba40c3009e54aac54e	1	1	African-American	0	0	_
eaf87024d551feba40c3009e54aac54e	1	1	neighborhood	0	0	_
eaf87024d551feba40c3009e54aac54e	1	1	.	0	0	_

eaf87024d551feba40c3009e54aac54e	1	2	By	0	0	_
eaf87024d551feba40c3009e54aac54e	1	2	virtue	0	0	_

93aa7bbd3e75d45e99d6aed3385399f5	2	0	it	0	0	_
93aa7bbd3e75d45e99d6aed3385399f5	2	0	's	0	0	_
93aa7bbd3e75d45e99d6aed3385399f5	2	0	too	0	0	Sufficiency
93aa7bbd3e75d45e99d6aed3385399f5	2	0	cute	0	0	Aesthetics
93aa7bbd3e75d45e99d6aed3385399f5	2	0	.	0	0	_

93aa7bbd3e75d45e99d6aed3385399f5	2	1	HODA-KOTB	0	0	_
93aa7bbd3e75d45e99d6aed3385399f5	2	1	)	0	0	_
93aa7bbd3e75d45e99d6aed3385399f5	2	1	:	0	0	_
93aa7bbd3e75d45e99d6aed3385399f5	2	1	Here	0	0	Locative_relation
93aa7bbd3e75d45e99d6aed3385399f5	2	1	with	1	0	_
93aa7bbd3e75d45e99d6aed3385399f5	2	1	some	0	0	Proportional_quantity
93aa7bbd3e75d45e99d6aed3385399f5	2	1	of	0	0	Partitive
93aa7bbd3e75d45e99d6aed3385399f5	2	1	our	0	0	_
93aa7bbd3e75d45e99d6aed3385399f5	2	1	favorite	0	0	_
93aa7bbd3e75d45e99d6aed3385399f5	2	1	ideas	0	0	_
93aa7bbd3e75d45e99d6aed3385399f5	2	1	is	0	0	_
93aa7bbd3e75d45e99d6aed3385399f5	2	1	food	0	0	Food
93aa7bbd3e75d45e99d6aed3385399f5	2	1	expert	0	0	Expertise
93aa7bbd3e75d45e99d6aed3385399f5	2	1	and	0	0	_
93aa7bbd3e75d45e99d6aed3385399f5	2	1	style	0	0	_
93aa7bbd3e75d45e99d6aed3385399f5	2	1	expert	0	0	Expertise
93aa7bbd3e75d45e99d6aed3385399f5	2	1	,	0	0	_
93aa7bbd3e75d45e99d6aed3385399f5	2	1	just	0	0	_
93aa7bbd3e75d45e99d6aed3385399f5	2	1	all	0	0	_
93aa7bbd3e75d45e99d6aed3385399f5	2	1	around	1	0	_
93aa7bbd3e75d45e99d6aed3385399f5	2	1	expert	0	0	Expertise
93aa7bbd3e75d45e99d6aed3385399f5	2	1	--	0	0	_
93aa7bbd3e75d45e99d6aed3385399f5	2	1	KATHIE-LEE-GIFFORD	0	0	_
93aa7bbd3e75d45e99d6aed3385399f5	2	1	)	0	0	_
93aa7bbd3e75d45e99d6aed3385399f5	2	1	:	0	0	_
93aa7bbd3e75d45e99d6aed3385399f5	2	1	Everything	0	0	_
93aa7bbd3e75d45e99d6aed3385399f5	2	1	.	0	0	_

93aa7bbd3e75d45e99d6aed3385399f5	2	2	HODA-KOTB	0	0	_
93aa7bbd3e75d45e99d6aed3385399f5	2	2	)	0	0	_

6b832a551340904fd9cdc93152f78840	3	0	your	0	0	_
6b832a551340904fd9cdc93152f78840	3	0	movie	0	0	_
6b832a551340904fd9cdc93152f78840	3	0	night	0	0	Calendric_unit
6b832a551340904fd9cdc93152f78840	3	0	.	0	0	_

6b832a551340904fd9cdc93152f78840	3	1	#	0	0	_
6b832a551340904fd9cdc93152f78840	3	1	2	0	0	_
6b832a551340904fd9cdc93152f78840	3	1	#	0	0	_
6b832a551340904fd9cdc93152f78840	3	1	Ensure	0	0	_
6b832a551340904fd9cdc93152f78840	3	1	that	0	0	_
6b832a551340904fd9cdc93152f78840	3	1	you	0	0	_
6b832a551340904fd9cdc93152f78840	3	1	have	0	0	Possession
6b832a551340904fd9cdc93152f78840	3	1	snacks	0	0	Food
6b832a551340904fd9cdc93152f78840	3	1	.	0	0	_

6b832a551340904fd9cdc93152f78840	3	2	Ideas	0	0	_
6b832a551340904fd9cdc93152f78840	3	2	are	0	0	_
6b832a551340904fd9cdc93152f78840	3	2	food	0	0	Food
6b832a551340904fd9cdc93152f78840	3	2	such	0	0	_
6b832a551340904fd9cdc93152f78840	3	2	as	0	0	_
6b832a551340904fd9cdc93152f78840	3	2	popcorn	0	0	Food
6b832a551340904fd9cdc93152f78840	3	2	(	0	0	_
6b832a551340904fd9cdc93152f78840	3	2	of	0	0	_
6b832a551340904fd9cdc93152f78840	3	2	course	0	0	_
6b832a551340904fd9cdc93152f78840	3	2	)	0	0	_
6b832a551340904fd9cdc93152f78840	3	2	,	0	0	_
6b832a551340904fd9cdc93152f78840	3	2	chips	0	0	Food
6b832a551340904fd9cdc93152f78840	3	2	and	0	0	_
6b832a551340904fd9cdc93152f78840	3	2	dip	0	0	Food
6b832a551340904fd9cdc93152f78840	3	2	,	0	0	_
6b832a551340904fd9cdc93152f78840	3	2	cookies	0	0	Food
6b832a551340904fd9cdc93152f78840	3	2	,	0	0	_
6b832a551340904fd9cdc93152f78840	3	2	candies	0	0	Food

a0cfc302f2246d166f370b303203e663	4	0	giving	0	0	Giving
a0cfc302f2246d166f370b303203e663	4	0	a	0	0	_
a0cfc302f2246d166f370b303203e663	4	0	free	0	0	Expensiveness
a0cfc302f2246d166f370b303203e663	4	0	pair	0	0	Aggregate
a0cfc302f2246d166f370b303203e663	4	0	of	0	0	_
a0cfc302f2246d166f370b303203e663	4	0	shoes	0	0	Clothing
a0cfc302f2246d166f370b303203e663	4	0	to	0	0	_
a0cfc302f2246d166f370b303203e663	4	0	someone	0	0	_
a0cfc302f2246d166f370b303203e663	4	0	in	1	0	_
a0cfc302f2246d166f370b303203e663	4	0	poverty	0	0	Wealthiness
a0cfc302f2246d166f370b303203e663	4	0	.	0	0	_

a0cfc302f2246d166f370b303203e663	4	1	The	0	0	_
a0cfc302f2246d166f370b303203e663	4	1	whole	1	0	Ranked_expectation
a0cfc302f2246d166f370b303203e663	4	1	idea	0	0	_
a0cfc302f2246d166f370b303203e663	4	1	is	0	0	_
a0cfc302f2246d166f370b303203e663	4	1	sugar	1	1	_
a0cfc302f2246d166f370b303203e663	4	1	coated	1	1	Abounding_with
a0cfc302f2246d166f370b303203e663	4	1	in	1	0	_
a0cfc302f2246d166f370b303203e663	4	1	emotions	0	0	_
a0cfc302f2246d166f370b303203e663	4	1	,	0	0	_
a0cfc302f2246d166f370b303203e663	4	1	fashion	0	0	_
a0cfc302f2246d166f370b303203e663	4	1	,	0	0	_
a0cfc302f2246d166f370b303203e663	4	1	and	0	0	_
a0cfc302f2246d166f370b303203e663	4	1	good	0	0	Usefulness
a0cfc302f2246d166f370b303203e663	4	1	intentions	0	0	Purpose
a0cfc302f2246d166f370b303203e663	4	1	.	0	0	_

a0cfc302f2246d166f370b303203e663	4	2	It	0	0	_
a0cfc302f2246d166f370b303203e663	4	2	is	0	0	_
a0cfc302f2246d166f370b303203e663	4	2	funny	0	0	Stimulus_focus
a0cfc302f2246d166f370b303203e663	4	2	that	0	0	_
a0cfc302f2246d166f370b303203e663	4	2	this	0	0	_

d9083cb0da207028c771bad2911e77ad	5	0	s	0	0	_
d9083cb0da207028c771bad2911e77ad	5	0	what	0	0	_
d9083cb0da207028c771bad2911e77ad	5	0	I	0	0	_
d9083cb0da207028c771bad2911e77ad	5	0	did	0	0	Intentionally_act
d9083cb0da207028c771bad2911e77ad	5	0	,	0	0	_
d9083cb0da207028c771bad2911e77ad	5	0	until	0	0	Time_vector
d9083cb0da207028c771bad2911e77ad	5	0	Ann	0	0	_
d9083cb0da207028c771bad2911e77ad	5	0	got	0	0	Transition_to_state
d9083cb0da207028c771bad2911e77ad	5	0	sick	0	0	Medical_conditions
d9083cb0da207028c771bad2911e77ad	5	0	.	0	0	_

d9083cb0da207028c771bad2911e77ad	5	1	#	0	0	_
d9083cb0da207028c771bad2911e77ad	5	1	My	0	0	_
d9083cb0da207028c771bad2911e77ad	5	1	first	0	0	First_experience
d9083cb0da207028c771bad2911e77ad	5	1	thought	0	0	Awareness
d9083cb0da207028c771bad2911e77ad	5	1	was	0	0	_
d9083cb0da207028c771bad2911e77ad	5	1	food	0	0	Food
d9083cb0da207028c771bad2911e77ad	5	1	poisoning	0	0	Cause_harm
d9083cb0da207028c771bad2911e77ad	5	1	and	0	0	_
d9083cb0da207028c771bad2911e77ad	5	1	I	0	0	_
d9083cb0da207028c771bad2911e77ad	5	1	had	0	0	_
d9083cb0da207028c771bad2911e77ad	5	1	identified	0	0	Verification
d9083cb0da207028c771bad2911e77ad	5	1	a	0	0	_
d9083cb0da207028c771bad2911e77ad	5	1	culprit	0	0	_
d9083cb0da207028c771bad2911e77ad	5	1	,	0	0	_
d9083cb0da207028c771bad2911e77ad	5	1	a	0	0	_
d9083cb0da207028c771bad2911e77ad	5	1	Thai	0	0	_
d9083cb0da207028c771bad2911e77ad	5	1	restaurant	0	0	Locale_by_use
d9083cb0da207028c771bad2911e77ad	5	1	where	0	0	Locative_relation
d9083cb0da207028c771bad2911e77ad	5	1	I	0	0	_
d9083cb0da207028c771bad2911e77ad	5	1	went	0	0	Motion
d9083cb0da207028c771bad2911e77ad	5	1	for	0	0	_

4cca816f36f61590d187af6532f6fe54	6	0	WELL	0	0	_
4cca816f36f61590d187af6532f6fe54	6	0	.	0	0	_

4cca816f36f61590d187af6532f6fe54	6	1	#	0	0	_
4cca816f36f61590d187af6532f6fe54	6	1	My	0	0	_
4cca816f36f61590d187af6532f6fe54	6	1	thinking	0	0	Opinion
4cca816f36f61590d187af6532f6fe54	6	1	is	0	0	_
4cca816f36f61590d187af6532f6fe54	6	1	that	0	0	_
4cca816f36f61590d187af6532f6fe54	6	1	being	0	0	_
4cca816f36f61590d187af6532f6fe54	6	1	obese	0	0	_
4cca816f36f61590d187af6532f6fe54	6	1	is	0	0	_
4cca816f36f61590d187af6532f6fe54	6	1	not	0	0	_
4cca816f36f61590d187af6532f6fe54	6	1	bad	0	0	Desirability
4cca816f36f61590d187af6532f6fe54	6	1	for	0	0	_
4cca816f36f61590d187af6532f6fe54	6	1	health	0	0	Medical_conditions
4cca816f36f61590d187af6532f6fe54	6	1	if	0	0	_
4cca816f36f61590d187af6532f6fe54	6	1	cause	0	0	Causation
4cca816f36f61590d187af6532f6fe54	6	1	is	0	0	_
4cca816f36f61590d187af6532f6fe54	6	1	food	0	0	Food
4cca816f36f61590d187af6532f6fe54	6	1	reward	0	0	_
4cca816f36f61590d187af6532f6fe54	6	1	from	1	0	_
4cca816f36f61590d187af6532f6fe54	6	1	non	0	0	_
4cca816f36f61590d187af6532f6fe54	6	1	toxic	0	0	Toxic_substance
4cca816f36f61590d187af6532f6fe54	6	1	sources	1	0	Source_of_getting
4cca816f36f61590d187af6532f6fe54	6	1	(	0	0	_
4cca816f36f61590d187af6532f6fe54	6	1	Or	0	0	_
4cca816f36f61590d187af6532f6fe54	6	1	micro-nutrient	0	0	_
4cca816f36f61590d187af6532f6fe54	6	1	deficiency	0	0	_
4cca816f36f61590d187af6532f6fe54	6	1	or	0	0	_
4cca816f36f61590d187af6532f6fe54	6	1	infection	0	0	Medical_conditions
4cca816f36f61590d187af6532f6fe54	6	1	)	0	0	_
4cca816f36f61590d187af6532f6fe54	6	1	.	0	0	_

36fce025d9bfe7ea56a5d3796344bf02	7	0	.	0	0	_

36fce025d9bfe7ea56a5d3796344bf02	7	1	The	0	0	_
36fce025d9bfe7ea56a5d3796344bf02	7	1	mess	0	0	Catastrophe
36fce025d9bfe7ea56a5d3796344bf02	7	1	in	0	0	Interior_profile_relation
36fce025d9bfe7ea56a5d3796344bf02	7	1	the	0	0	_
36fce025d9bfe7ea56a5d3796344bf02	7	1	house	0	0	Buildings
36fce025d9bfe7ea56a5d3796344bf02	7	1	is	0	0	_
36fce025d9bfe7ea56a5d3796344bf02	7	1	increasing	0	0	Change_position_on_a_scale
36fce025d9bfe7ea56a5d3796344bf02	7	1	as	0	0	_
36fce025d9bfe7ea56a5d3796344bf02	7	1	well	0	0	_
36fce025d9bfe7ea56a5d3796344bf02	7	1	,	0	0	_
36fce025d9bfe7ea56a5d3796344bf02	7	1	with	0	0	_
36fce025d9bfe7ea56a5d3796344bf02	7	1	the	0	0	_
36fce025d9bfe7ea56a5d3796344bf02	7	1	most	0	0	_
36fce025d9bfe7ea56a5d3796344bf02	7	1	common	0	0	_
36fce025d9bfe7ea56a5d3796344bf02	7	1	cause	0	0	Causation
36fce025d9bfe7ea56a5d3796344bf02	7	1	being	0	0	_
36fce025d9bfe7ea56a5d3796344bf02	7	1	food	0	0	Food
36fce025d9bfe7ea56a5d3796344bf02	7	1	fights	0	0	Hostile_encounter
36fce025d9bfe7ea56a5d3796344bf02	7	1	or	0	0	_
36fce025d9bfe7ea56a5d3796344bf02	7	1	Mac	0	0	_
36fce025d9bfe7ea56a5d3796344bf02	7	1	's	0	0	_
36fce025d9bfe7ea56a5d3796344bf02	7	1	tornado	1	1	_
36fce025d9bfe7ea56a5d3796344bf02	7	1	furry	1	1	_
36fce025d9bfe7ea56a5d3796344bf02	7	1	around	0	0	Locative_relation
36fce025d9bfe7ea56a5d3796344bf02	7	1	the	0	0	_
36fce025d9bfe7ea56a5d3796344bf02	7	1	house	0	0	Buildings
36fce025d9bfe7ea56a5d3796344bf02	7	1	.	0	0	_

36fce025d9bfe7ea56a5d3796344bf02	7	2	Amidst	0	0	_
36fce025d9bfe7ea56a5d3796344bf02	7	2	the	0	0	_
36fce025d9bfe7ea56a5d3796344bf02	7	2	crazy	0	0	_

8269ffd4a5ba0589a4a7472cd0c3cb16	8	0	important	0	0	Importance
8269ffd4a5ba0589a4a7472cd0c3cb16	8	0	to	0	0	_
8269ffd4a5ba0589a4a7472cd0c3cb16	8	0	call	1	0	Contacting
8269ffd4a5ba0589a4a7472cd0c3cb16	8	0	if	0	0	_
8269ffd4a5ba0589a4a7472cd0c3cb16	8	0	you	0	0	_
8269ffd4a5ba0589a4a7472cd0c3cb16	8	0	have	0	0	Possession
8269ffd4a5ba0589a4a7472cd0c3cb16	8	0	a	0	0	_
8269ffd4a5ba0589a4a7472cd0c3cb16	8	0	baby	0	0	People_by_age
8269ffd4a5ba0589a4a7472cd0c3cb16	8	0	under	1	0	_
8269ffd4a5ba0589a4a7472cd0c3cb16	8	0	1	0	0	_
8269ffd4a5ba0589a4a7472cd0c3cb16	8	0	with	1	0	_
8269ffd4a5ba0589a4a7472cd0c3cb16	8	0	diarrhea	0	0	Medical_conditions
8269ffd4a5ba0589a4a7472cd0c3cb16	8	0	.	0	0	_

8269ffd4a5ba0589a4a7472cd0c3cb16	8	1	Whether	0	0	_
8269ffd4a5ba0589a4a7472cd0c3cb16	8	1	the	0	0	_
8269ffd4a5ba0589a4a7472cd0c3cb16	8	1	cause	0	0	Causation
8269ffd4a5ba0589a4a7472cd0c3cb16	8	1	is	0	0	_
8269ffd4a5ba0589a4a7472cd0c3cb16	8	1	food	0	0	Food
8269ffd4a5ba0589a4a7472cd0c3cb16	8	1	poisoning	0	0	Cause_harm
8269ffd4a5ba0589a4a7472cd0c3cb16	8	1	or	0	0	_
8269ffd4a5ba0589a4a7472cd0c3cb16	8	1	something	0	0	_
8269ffd4a5ba0589a4a7472cd0c3cb16	8	1	else	0	0	_
8269ffd4a5ba0589a4a7472cd0c3cb16	8	1	,	0	0	_
8269ffd4a5ba0589a4a7472cd0c3cb16	8	1	it	0	0	_
8269ffd4a5ba0589a4a7472cd0c3cb16	8	1	needs	0	0	Needing
8269ffd4a5ba0589a4a7472cd0c3cb16	8	1	attention	0	0	Attention
8269ffd4a5ba0589a4a7472cd0c3cb16	8	1	.	0	0	_

8269ffd4a5ba0589a4a7472cd0c3cb16	8	2	Sources	0	0	Source_of_getting
8269ffd4a5ba0589a4a7472cd0c3cb16	8	2	:	0	0	_
8269ffd4a5ba0589a4a7472cd0c3cb16	8	2	Althea	0	0	_
8269ffd4a5ba0589a4a7472cd0c3cb16	8	2	Zanecosky	0	0	_

224c178f36107f1dd11bb85044e4db59	9	0	now	0	0	Temporal_collocation
224c178f36107f1dd11bb85044e4db59	9	0	baby	0	0	People_by_age
224c178f36107f1dd11bb85044e4db59	9	0	here	0	0	Locative_relation
224c178f36107f1dd11bb85044e4db59	9	0	as	0	0	_
224c178f36107f1dd11bb85044e4db59	9	0	I	0	0	_
224c178f36107f1dd11bb85044e4db59	9	0	am	0	0	_
224c178f36107f1dd11bb85044e4db59	9	0	pull	0	0	Cause_motion
224c178f36107f1dd11bb85044e4db59	9	0	me	0	0	_
224c178f36107f1dd11bb85044e4db59	9	0	close	0	0	_
224c178f36107f1dd11bb85044e4db59	9	0	,	0	0	_
224c178f36107f1dd11bb85044e4db59	9	0	try	0	0	Attempt
224c178f36107f1dd11bb85044e4db59	9	0	and	0	0	_
224c178f36107f1dd11bb85044e4db59	9	0	understand	0	0	Grasp
224c178f36107f1dd11bb85044e4db59	9	0	desire	0	0	Desiring
224c178f36107f1dd11bb85044e4db59	9	0	is	0	0	_
224c178f36107f1dd11bb85044e4db59	9	0	hunger	0	0	Biological_urge
224c178f36107f1dd11bb85044e4db59	9	0	is	0	0	_
224c178f36107f1dd11bb85044e4db59	9	0	the	0	0	_
224c178f36107f1dd11bb85044e4db59	9	0	fire	1	0	_
224c178f36107f1dd11bb85044e4db59	9	0	I	0	0	_
224c178f36107f1dd11bb85044e4db59	9	0	breathe	1	0	Breathing
224c178f36107f1dd11bb85044e4db59	9	0	love	0	0	Experiencer_focus
224c178f36107f1dd11bb85044e4db59	9	0	is	0	0	_
224c178f36107f1dd11bb85044e4db59	9	0	a	0	0	_
224c178f36107f1dd11bb85044e4db59	9	0	banquet	1	1	Social_event
224c178f36107f1dd11bb85044e4db59	9	0	on	1	0	Spatial_contact
224c178f36107f1dd11bb85044e4db59	9	0	which	0	0	_
224c178f36107f1dd11bb85044e4db59	9	0	we	0	0	_
224c178f36107f1dd11bb85044e4db59	9	0	feed	0	0	Food
224c178f36107f1dd11bb85044e4db59	9	0	#	0	0	_
224c178f36107f1dd11bb85044e4db59	9	0	Come	1	1	Arriving

fd5a41ca901d3110335fc3a70d749732	10	0	here	0	0	Locative_relation
fd5a41ca901d3110335fc3a70d749732	10	0	as	0	0	_
fd5a41ca901d3110335fc3a70d749732	10	0	I	0	0	_
fd5a41ca901d3110335fc3a70d749732	10	0	am	0	0	_
fd5a41ca901d3110335fc3a70d749732	10	0	.	0	0	_

fd5a41ca901d3110335fc3a70d749732	10	1	Pull	0	0	Cause_motion
fd5a41ca901d3110335fc3a70d749732	10	1	me	0	0	_
fd5a41ca901d3110335fc3a70d749732	10	1	close	0	0	_
fd5a41ca901d3110335fc3a70d749732	10	1	,	0	0	_
fd5a41ca901d3110335fc3a70d749732	10	1	try	0	0	Attempt
fd5a41ca901d3110335fc3a70d749732	10	1	and	0	0	_
fd5a41ca901d3110335fc3a70d749732	10	1	understand	0	0	Grasp
fd5a41ca901d3110335fc3a70d749732	10	1	.	0	0	_

fd5a41ca901d3110335fc3a70d749732	10	2	Desire	0	0	Desiring
fd5a41ca901d3110335fc3a70d749732	10	2	is	0	0	_
fd5a41ca901d3110335fc3a70d749732	10	2	hunger	0	0	Biological_urge
fd5a41ca901d3110335fc3a70d749732	10	2	is	0	0	_
fd5a41ca901d3110335fc3a70d749732	10	2	the	0	0	_
fd5a41ca901d3110335fc3a70d749732	10	2	fire	1	0	_
fd5a41ca901d3110335fc3a70d749732	10	2	I	0	0	_
fd5a41ca901d3110335fc3a70d749732	10	2	breathe	1	0	Breathing
fd5a41ca901d3110335fc3a70d749732	10	2	,	0	0	_
fd5a41ca901d3110335fc3a70d749732	10	2	love	0	0	Experiencer_focus
fd5a41ca901d3110335fc3a70d749732	10	2	is	0	0	_
fd5a41ca901d3110335fc3a70d749732	10	2	a	0	0	_
fd5a41ca901d3110335fc3a70d749732	10	2	banquet	1	1	Social_event
fd5a41ca901d3110335fc3a70d749732	10	2	on	1	0	Spatial_contact
fd5a41ca901d3110335fc3a70d749732	10	2	which	0	0	_
fd5a41ca901d3110335fc3a70d749732	10	2	we	0	0	_
fd5a41ca901d3110335fc3a70d749732	10	2	feed	1	0	_
fd5a41ca901d3110335fc3a70d749732	10	2	.	0	0	_

ad5c32e1dd8694c8466ae2a87c648a5c	11	0	that	0	0	_
ad5c32e1dd8694c8466ae2a87c648a5c	11	0	battles	1	0	Hostile_encounter
ad5c32e1dd8694c8466ae2a87c648a5c	11	0	over	1	0	_
ad5c32e1dd8694c8466ae2a87c648a5c	11	0	resource	0	0	_
ad5c32e1dd8694c8466ae2a87c648a5c	11	0	scarcities	0	0	_
ad5c32e1dd8694c8466ae2a87c648a5c	11	0	will	0	0	_
ad5c32e1dd8694c8466ae2a87c648a5c	11	0	otherwise	0	0	_
ad5c32e1dd8694c8466ae2a87c648a5c	11	0	intensify	0	0	Expansion
ad5c32e1dd8694c8466ae2a87c648a5c	11	0	in	0	0	_
ad5c32e1dd8694c8466ae2a87c648a5c	11	0	the	0	0	_
ad5c32e1dd8694c8466ae2a87c648a5c	11	0	long	0	0	_
ad5c32e1dd8694c8466ae2a87c648a5c	11	0	run	0	0	_
ad5c32e1dd8694c8466ae2a87c648a5c	11	0	,	0	0	_
ad5c32e1dd8694c8466ae2a87c648a5c	11	0	whether	0	0	_
ad5c32e1dd8694c8466ae2a87c648a5c	11	0	those	1	0	_
ad5c32e1dd8694c8466ae2a87c648a5c	11	0	resources	0	0	_
ad5c32e1dd8694c8466ae2a87c648a5c	11	0	are	0	0	_
ad5c32e1dd8694c8466ae2a87c648a5c	11	0	water	0	0	Substance
ad5c32e1dd8694c8466ae2a87c648a5c	11	0	,	0	0	_
ad5c32e1dd8694c8466ae2a87c648a5c	11	0	land	0	0	_
ad5c32e1dd8694c8466ae2a87c648a5c	11	0	,	0	0	_
ad5c32e1dd8694c8466ae2a87c648a5c	11	0	oil	0	0	Substance
ad5c32e1dd8694c8466ae2a87c648a5c	11	0	or	0	0	_
ad5c32e1dd8694c8466ae2a87c648a5c	11	0	other	0	0	Increment
ad5c32e1dd8694c8466ae2a87c648a5c	11	0	natural	0	0	_
ad5c32e1dd8694c8466ae2a87c648a5c	11	0	resources	0	0	_
ad5c32e1dd8694c8466ae2a87c648a5c	11	0	.	0	0	_

ad5c32e1dd8694c8466ae2a87c648a5c	11	1	#	0	0	_
ad5c32e1dd8694c8466ae2a87c648a5c	11	1	In	1	0	_
ad5c32e1dd8694c8466ae2a87c648a5c	11	1	other	0	0	Increment
ad5c32e1dd8694c8466ae2a87c648a5c	11	1	sectors	1	1	Fields

6fa643cb30b978d413ae6416b71d8753	12	0	People	0	0	People
6fa643cb30b978d413ae6416b71d8753	12	0	talk	0	0	Statement
6fa643cb30b978d413ae6416b71d8753	12	0	now	0	0	Temporal_collocation
6fa643cb30b978d413ae6416b71d8753	12	0	about	1	0	Topic
6fa643cb30b978d413ae6416b71d8753	12	0	the	0	0	_
6fa643cb30b978d413ae6416b71d8753	12	0	timber	0	0	_
6fa643cb30b978d413ae6416b71d8753	12	0	in	0	0	Interior_profile_relation
6fa643cb30b978d413ae6416b71d8753	12	0	these	1	0	_
6fa643cb30b978d413ae6416b71d8753	12	0	forests	0	0	Biological_area
6fa643cb30b978d413ae6416b71d8753	12	0	when	0	0	Temporal_collocation
6fa643cb30b978d413ae6416b71d8753	12	0	really	0	0	_
6fa643cb30b978d413ae6416b71d8753	12	0	their	0	0	_
6fa643cb30b978d413ae6416b71d8753	12	0	most	0	0	_
6fa643cb30b978d413ae6416b71d8753	12	0	important	0	0	Importance
6fa643cb30b978d413ae6416b71d8753	12	0	natural	0	0	_
6fa643cb30b978d413ae6416b71d8753	12	0	resource	0	0	_
6fa643cb30b978d413ae6416b71d8753	12	0	was	0	0	_
6fa643cb30b978d413ae6416b71d8753	12	0	water.	0	0	Substance
6fa643cb30b978d413ae6416b71d8753	12	0	``	0	0	_

6fa643cb30b978d413ae6416b71d8753	12	1	#	0	0	_
6fa643cb30b978d413ae6416b71d8753	12	1	In	1	0	Temporal_collocation
6fa643cb30b978d413ae6416b71d8753	12	1	1907	0	0	_
6fa643cb30b978d413ae6416b71d8753	12	1	no	0	0	Quantified_mass
6fa643cb30b978d413ae6416b71d8753	12	1	forest	0	0	Biological_area
6fa643cb30b978d413ae6416b71d8753	12	1	reserves	0	0	Store
6fa643cb30b978d413ae6416b71d8753	12	1	,	0	0	_
6fa643cb30b978d413ae6416b71d8753	12	1	as	0	0	_
6fa643cb30b978d413ae6416b71d8753	12	1	they	0	0	_
6fa643cb30b978d413ae6416b71d8753	12	1	were	0	0	_
6fa643cb30b978d413ae6416b71d8753	12	1	then	0	0	Temporal_collocation

e4e6155be261fb014ca47ea1fca8ab53	13	0	that	1	0	_
e4e6155be261fb014ca47ea1fca8ab53	13	0	capsule	0	0	Containers
e4e6155be261fb014ca47ea1fca8ab53	13	0	,	0	0	_
e4e6155be261fb014ca47ea1fca8ab53	13	0	you	0	0	_
e4e6155be261fb014ca47ea1fca8ab53	13	0	have	1	0	Possession
e4e6155be261fb014ca47ea1fca8ab53	13	0	close	1	0	_
e4e6155be261fb014ca47ea1fca8ab53	13	0	to	1	0	_
e4e6155be261fb014ca47ea1fca8ab53	13	0	a	0	0	_
e4e6155be261fb014ca47ea1fca8ab53	13	0	chance	0	0	Likelihood
e4e6155be261fb014ca47ea1fca8ab53	13	0	of	0	0	_
e4e6155be261fb014ca47ea1fca8ab53	13	0	a	0	0	_
e4e6155be261fb014ca47ea1fca8ab53	13	0	cure	0	0	Cure
e4e6155be261fb014ca47ea1fca8ab53	13	0	.	0	0	_

e4e6155be261fb014ca47ea1fca8ab53	13	1	And	0	0	_
e4e6155be261fb014ca47ea1fca8ab53	13	1	my	0	0	_
e4e6155be261fb014ca47ea1fca8ab53	13	1	feeling	1	0	Feeling
e4e6155be261fb014ca47ea1fca8ab53	13	1	is	0	0	_
e4e6155be261fb014ca47ea1fca8ab53	13	1	go	1	0	_
e4e6155be261fb014ca47ea1fca8ab53	13	1	for	0	0	_
e4e6155be261fb014ca47ea1fca8ab53	13	1	the	0	0	_
e4e6155be261fb014ca47ea1fca8ab53	13	1	cure	1	1	Cure
e4e6155be261fb014ca47ea1fca8ab53	13	1	.	0	0	_

e4e6155be261fb014ca47ea1fca8ab53	13	2	And	0	0	_
e4e6155be261fb014ca47ea1fca8ab53	13	2	remember	0	0	Memory
e4e6155be261fb014ca47ea1fca8ab53	13	2	,	0	0	_
e4e6155be261fb014ca47ea1fca8ab53	13	2	even	0	0	_
e4e6155be261fb014ca47ea1fca8ab53	13	2	radiation	0	0	_
e4e6155be261fb014ca47ea1fca8ab53	13	2	treatment	0	0	Cure
e4e6155be261fb014ca47ea1fca8ab53	13	2	,	0	0	_
e4e6155be261fb014ca47ea1fca8ab53	13	2	that	0	0	_
e4e6155be261fb014ca47ea1fca8ab53	13	2	--	0	0	_

8220e60b0d8c5341cb79d675bcd72822	14	0	on	1	0	_
8220e60b0d8c5341cb79d675bcd72822	14	0	the	0	0	_
8220e60b0d8c5341cb79d675bcd72822	14	0	status	0	0	_
8220e60b0d8c5341cb79d675bcd72822	14	0	of	0	0	_
8220e60b0d8c5341cb79d675bcd72822	14	0	the	0	0	_
8220e60b0d8c5341cb79d675bcd72822	14	0	thing	0	0	_
8220e60b0d8c5341cb79d675bcd72822	14	0	,	0	0	_
8220e60b0d8c5341cb79d675bcd72822	14	0	made	1	0	_
8220e60b0d8c5341cb79d675bcd72822	14	0	aware	0	0	Awareness
8220e60b0d8c5341cb79d675bcd72822	14	0	of	0	0	_
8220e60b0d8c5341cb79d675bcd72822	14	0	when	0	0	Temporal_collocation
8220e60b0d8c5341cb79d675bcd72822	14	0	the	0	0	_
8220e60b0d8c5341cb79d675bcd72822	14	0	next	1	0	Relative_time
8220e60b0d8c5341cb79d675bcd72822	14	0	time	0	0	_
8220e60b0d8c5341cb79d675bcd72822	14	0	was	0	0	_
8220e60b0d8c5341cb79d675bcd72822	14	0	go	0	0	_
8220e60b0d8c5341cb79d675bcd72822	14	0	.	0	0	_

8220e60b0d8c5341cb79d675bcd72822	14	1	We	0	0	_
8220e60b0d8c5341cb79d675bcd72822	14	1	went	1	0	_
8220e60b0d8c5341cb79d675bcd72822	14	1	through	1	0	_
8220e60b0d8c5341cb79d675bcd72822	14	1	the	0	0	_
8220e60b0d8c5341cb79d675bcd72822	14	1	process	0	0	Process
8220e60b0d8c5341cb79d675bcd72822	14	1	to	0	0	_
8220e60b0d8c5341cb79d675bcd72822	14	1	ensure	0	0	_
8220e60b0d8c5341cb79d675bcd72822	14	1	that	0	0	_
8220e60b0d8c5341cb79d675bcd72822	14	1	we	0	0	_
8220e60b0d8c5341cb79d675bcd72822	14	1	continued	0	0	Activity_ongoing
8220e60b0d8c5341cb79d675bcd72822	14	1	to	0	0	_
8220e60b0d8c5341cb79d675bcd72822	14	1	believe	0	0	Certainty
8220e60b0d8c5341cb79d675bcd72822	14	1	that	0	0	_
8220e60b0d8c5341cb79d675bcd72822	14	1	the	0	0	_

54bd36c6b682896469ef83aead2d1675	15	0	who	0	0	_
54bd36c6b682896469ef83aead2d1675	15	0	were	0	0	_
54bd36c6b682896469ef83aead2d1675	15	0	all	0	0	_
54bd36c6b682896469ef83aead2d1675	15	0	the	0	0	_
54bd36c6b682896469ef83aead2d1675	15	0	same	0	0	Identicality
54bd36c6b682896469ef83aead2d1675	15	0	and	0	0	_
54bd36c6b682896469ef83aead2d1675	15	0	all	0	0	_
54bd36c6b682896469ef83aead2d1675	15	0	they	0	0	_
54bd36c6b682896469ef83aead2d1675	15	0	wanted	0	0	Desiring
54bd36c6b682896469ef83aead2d1675	15	0	to	0	0	_
54bd36c6b682896469ef83aead2d1675	15	0	do	0	0	Intentionally_act
54bd36c6b682896469ef83aead2d1675	15	0	all	0	0	Frequency
54bd36c6b682896469ef83aead2d1675	15	0	the	0	0	Frequency
54bd36c6b682896469ef83aead2d1675	15	0	time	0	0	Frequency
54bd36c6b682896469ef83aead2d1675	15	0	was	0	0	_
54bd36c6b682896469ef83aead2d1675	15	0	go	0	0	Motion
54bd36c6b682896469ef83aead2d1675	15	0	to	0	0	Goal
54bd36c6b682896469ef83aead2d1675	15	0	the	0	0	_
54bd36c6b682896469ef83aead2d1675	15	0	toilet	0	0	Building_subparts
54bd36c6b682896469ef83aead2d1675	15	0	!	0	0	_
54bd36c6b682896469ef83aead2d1675	15	0	``	0	0	_

54bd36c6b682896469ef83aead2d1675	15	1	Well	0	0	_
54bd36c6b682896469ef83aead2d1675	15	1	really	0	0	_
54bd36c6b682896469ef83aead2d1675	15	1	-	0	0	_
54bd36c6b682896469ef83aead2d1675	15	1	do	0	0	_
54bd36c6b682896469ef83aead2d1675	15	1	they	0	0	_
54bd36c6b682896469ef83aead2d1675	15	1	think	0	0	Awareness
54bd36c6b682896469ef83aead2d1675	15	1	The	0	0	_
54bd36c6b682896469ef83aead2d1675	15	1	Sims	0	0	_
54bd36c6b682896469ef83aead2d1675	15	1	1	0	0	_
54bd36c6b682896469ef83aead2d1675	15	1	and	0	0	_

653a83b7a73b72c1f3e3a93a6e475fed	16	0	face-hugger	0	0	_
653a83b7a73b72c1f3e3a93a6e475fed	16	0	and	0	0	_
653a83b7a73b72c1f3e3a93a6e475fed	16	0	chestburster	0	0	_
653a83b7a73b72c1f3e3a93a6e475fed	16	0	.	0	0	_

653a83b7a73b72c1f3e3a93a6e475fed	16	1	The	0	0	_
653a83b7a73b72c1f3e3a93a6e475fed	16	1	implication	0	0	_
653a83b7a73b72c1f3e3a93a6e475fed	16	1	was	0	0	_
653a83b7a73b72c1f3e3a93a6e475fed	16	1	that	0	0	_
653a83b7a73b72c1f3e3a93a6e475fed	16	1	it	0	0	_
653a83b7a73b72c1f3e3a93a6e475fed	16	1	evolves	1	1	Coming_to_be
653a83b7a73b72c1f3e3a93a6e475fed	16	1	each	0	0	_
653a83b7a73b72c1f3e3a93a6e475fed	16	1	and	0	0	_
653a83b7a73b72c1f3e3a93a6e475fed	16	1	every	0	0	_
653a83b7a73b72c1f3e3a93a6e475fed	16	1	time	0	0	_
653a83b7a73b72c1f3e3a93a6e475fed	16	1	is	0	0	_
653a83b7a73b72c1f3e3a93a6e475fed	16	1	goes	1	0	_
653a83b7a73b72c1f3e3a93a6e475fed	16	1	through	1	0	_
653a83b7a73b72c1f3e3a93a6e475fed	16	1	another	0	0	Increment
653a83b7a73b72c1f3e3a93a6e475fed	16	1	impregnation/birth	0	0	_
653a83b7a73b72c1f3e3a93a6e475fed	16	1	cycle	1	0	Frequency
653a83b7a73b72c1f3e3a93a6e475fed	16	1	.	0	0	_

653a83b7a73b72c1f3e3a93a6e475fed	16	2	The	0	0	_
653a83b7a73b72c1f3e3a93a6e475fed	16	2	primordial	0	0	_
653a83b7a73b72c1f3e3a93a6e475fed	16	2	face-hugger	0	0	_
653a83b7a73b72c1f3e3a93a6e475fed	16	2	was	0	0	_
653a83b7a73b72c1f3e3a93a6e475fed	16	2	it	0	0	_
653a83b7a73b72c1f3e3a93a6e475fed	16	2	's	0	0	_
653a83b7a73b72c1f3e3a93a6e475fed	16	2	most	0	0	_
653a83b7a73b72c1f3e3a93a6e475fed	16	2	basic	0	0	Being_necessary
653a83b7a73b72c1f3e3a93a6e475fed	16	2	form	1	1	Type
653a83b7a73b72c1f3e3a93a6e475fed	16	2	-	0	0	_

225a4b8bd721dc3300c4016e7159ab3d	17	0	.	0	0	_

225a4b8bd721dc3300c4016e7159ab3d	17	1	And	0	0	_
225a4b8bd721dc3300c4016e7159ab3d	17	1	one	0	0	Cardinal_numbers
225a4b8bd721dc3300c4016e7159ab3d	17	1	thing	1	0	_
225a4b8bd721dc3300c4016e7159ab3d	17	1	that	0	0	_
225a4b8bd721dc3300c4016e7159ab3d	17	1	we	0	0	_
225a4b8bd721dc3300c4016e7159ab3d	17	1	're	0	0	_
225a4b8bd721dc3300c4016e7159ab3d	17	1	having	0	0	Required_event
225a4b8bd721dc3300c4016e7159ab3d	17	1	to	0	0	Required_event
225a4b8bd721dc3300c4016e7159ab3d	17	1	deal	1	0	Resolve_problem
225a4b8bd721dc3300c4016e7159ab3d	17	1	all	0	0	Frequency
225a4b8bd721dc3300c4016e7159ab3d	17	1	the	0	0	Frequency
225a4b8bd721dc3300c4016e7159ab3d	17	1	time	0	0	Frequency
225a4b8bd721dc3300c4016e7159ab3d	17	1	is	0	0	_
225a4b8bd721dc3300c4016e7159ab3d	17	1	go	0	0	Transition_to_a_quality
225a4b8bd721dc3300c4016e7159ab3d	17	1	on	1	0	Process_continue
225a4b8bd721dc3300c4016e7159ab3d	17	1	to	0	0	_
225a4b8bd721dc3300c4016e7159ab3d	17	1	our	0	0	_
225a4b8bd721dc3300c4016e7159ab3d	17	1	Twitter	0	0	_
225a4b8bd721dc3300c4016e7159ab3d	17	1	feed	0	0	_
225a4b8bd721dc3300c4016e7159ab3d	17	1	,	0	0	_
225a4b8bd721dc3300c4016e7159ab3d	17	1	go	0	0	Process_continue
225a4b8bd721dc3300c4016e7159ab3d	17	1	on	1	0	Process_continue
225a4b8bd721dc3300c4016e7159ab3d	17	1	to	0	0	_
225a4b8bd721dc3300c4016e7159ab3d	17	1	our	0	0	_
225a4b8bd721dc3300c4016e7159ab3d	17	1	Facebook	0	0	_
225a4b8bd721dc3300c4016e7159ab3d	17	1	on	0	0	_
225a4b8bd721dc3300c4016e7159ab3d	17	1	our	0	0	_
225a4b8bd721dc3300c4016e7159ab3d	17	1	own	0	0	_
225a4b8bd721dc3300c4016e7159ab3d	17	1	website	0	0	_

a7f6eceb91e5259bb288f85957cd7f28	18	0	separate	1	1	Differentiation
a7f6eceb91e5259bb288f85957cd7f28	18	0	things	1	0	_
a7f6eceb91e5259bb288f85957cd7f28	18	0	called	0	0	Referring_by_name
a7f6eceb91e5259bb288f85957cd7f28	18	0	emotions	0	0	_
a7f6eceb91e5259bb288f85957cd7f28	18	0	in	1	0	_
a7f6eceb91e5259bb288f85957cd7f28	18	0	it	0	0	_
a7f6eceb91e5259bb288f85957cd7f28	18	0	``	0	0	_
a7f6eceb91e5259bb288f85957cd7f28	18	0	(	0	0	_
a7f6eceb91e5259bb288f85957cd7f28	18	0	LW	0	0	_
a7f6eceb91e5259bb288f85957cd7f28	18	0	10:48	0	0	_
a7f6eceb91e5259bb288f85957cd7f28	18	0	)	0	0	_
a7f6eceb91e5259bb288f85957cd7f28	18	0	.	0	0	_

a7f6eceb91e5259bb288f85957cd7f28	18	1	What	0	0	_
a7f6eceb91e5259bb288f85957cd7f28	18	1	we	0	0	_
a7f6eceb91e5259bb288f85957cd7f28	18	1	call	0	0	Labeling
a7f6eceb91e5259bb288f85957cd7f28	18	1	emotions	0	0	_
a7f6eceb91e5259bb288f85957cd7f28	18	1	are	0	0	_
a7f6eceb91e5259bb288f85957cd7f28	18	1	things	1	0	_
a7f6eceb91e5259bb288f85957cd7f28	18	1	that	0	0	_
a7f6eceb91e5259bb288f85957cd7f28	18	1	we	0	0	_
a7f6eceb91e5259bb288f85957cd7f28	18	1	reflectively	1	1	_
a7f6eceb91e5259bb288f85957cd7f28	18	1	discriminate	0	0	Differentiation
a7f6eceb91e5259bb288f85957cd7f28	18	1	after	1	0	Relative_time
a7f6eceb91e5259bb288f85957cd7f28	18	1	we	0	0	_
a7f6eceb91e5259bb288f85957cd7f28	18	1	have	1	0	Possession
a7f6eceb91e5259bb288f85957cd7f28	18	1	certain	0	0	Idiosyncrasy
a7f6eceb91e5259bb288f85957cd7f28	18	1	immediate	0	0	_
a7f6eceb91e5259bb288f85957cd7f28	18	1	qualitative	0	0	_
a7f6eceb91e5259bb288f85957cd7f28	18	1	experiences	0	0	Perception_experience
a7f6eceb91e5259bb288f85957cd7f28	18	1	.	0	0	_

a7f6eceb91e5259bb288f85957cd7f28	18	2	We	0	0	_

61e704d1715de6dae1f9929d344d06b1	19	0	.	0	0	_

61e704d1715de6dae1f9929d344d06b1	19	1	Unlike	0	0	Similarity
61e704d1715de6dae1f9929d344d06b1	19	1	other	0	0	Increment
61e704d1715de6dae1f9929d344d06b1	19	1	forms	1	0	Type
61e704d1715de6dae1f9929d344d06b1	19	1	of	0	0	_
61e704d1715de6dae1f9929d344d06b1	19	1	cognition	0	0	_
61e704d1715de6dae1f9929d344d06b1	19	1	,	0	0	_
61e704d1715de6dae1f9929d344d06b1	19	1	the	0	0	_
61e704d1715de6dae1f9929d344d06b1	19	1	things	1	0	_
61e704d1715de6dae1f9929d344d06b1	19	1	that	0	0	_
61e704d1715de6dae1f9929d344d06b1	19	1	are	0	0	_
61e704d1715de6dae1f9929d344d06b1	19	1	the	0	0	_
61e704d1715de6dae1f9929d344d06b1	19	1	object	1	1	Purpose
61e704d1715de6dae1f9929d344d06b1	19	1	of	0	0	_
61e704d1715de6dae1f9929d344d06b1	19	1	the	0	0	_
61e704d1715de6dae1f9929d344d06b1	19	1	emotions	0	0	_
61e704d1715de6dae1f9929d344d06b1	19	1	are	0	0	_
61e704d1715de6dae1f9929d344d06b1	19	1	things	1	0	_
61e704d1715de6dae1f9929d344d06b1	19	1	that	0	0	_
61e704d1715de6dae1f9929d344d06b1	19	1	matter	0	0	_
61e704d1715de6dae1f9929d344d06b1	19	1	to	1	0	_
61e704d1715de6dae1f9929d344d06b1	19	1	us	0	0	_
61e704d1715de6dae1f9929d344d06b1	19	1	,	0	0	_
61e704d1715de6dae1f9929d344d06b1	19	1	that	0	0	_
61e704d1715de6dae1f9929d344d06b1	19	1	we	0	0	_
61e704d1715de6dae1f9929d344d06b1	19	1	care	0	0	Experiencer_focus
61e704d1715de6dae1f9929d344d06b1	19	1	about	1	0	_
61e704d1715de6dae1f9929d344d06b1	19	1	or	0	0	_
61e704d1715de6dae1f9929d344d06b1	19	1	feel	1	0	Feeling
61e704d1715de6dae1f9929d344d06b1	19	1	attached	1	1	_
61e704d1715de6dae1f9929d344d06b1	19	1	to	1	0	_

1a88fa0aa0a3070275d1c24005965d57	20	0	interior	1	0	Part_inner_outer
1a88fa0aa0a3070275d1c24005965d57	20	0	life	0	0	_
1a88fa0aa0a3070275d1c24005965d57	20	0	of	0	0	_
1a88fa0aa0a3070275d1c24005965d57	20	0	the	0	0	_
1a88fa0aa0a3070275d1c24005965d57	20	0	narrator	0	0	_
1a88fa0aa0a3070275d1c24005965d57	20	0	,	0	0	_
1a88fa0aa0a3070275d1c24005965d57	20	0	especially	0	0	_
1a88fa0aa0a3070275d1c24005965d57	20	0	,	0	0	_
1a88fa0aa0a3070275d1c24005965d57	20	0	is	0	0	_
1a88fa0aa0a3070275d1c24005965d57	20	0	something	0	0	_
1a88fa0aa0a3070275d1c24005965d57	20	0	that	0	0	_
1a88fa0aa0a3070275d1c24005965d57	20	0	I	0	0	_
1a88fa0aa0a3070275d1c24005965d57	20	0	felt	1	0	Perception_experience
1a88fa0aa0a3070275d1c24005965d57	20	0	--	0	0	_
1a88fa0aa0a3070275d1c24005965d57	20	0	those	1	0	_
1a88fa0aa0a3070275d1c24005965d57	20	0	emotions	0	0	Feeling
1a88fa0aa0a3070275d1c24005965d57	20	0	are	0	0	_
1a88fa0aa0a3070275d1c24005965d57	20	0	things	1	0	_
1a88fa0aa0a3070275d1c24005965d57	20	0	that	0	0	_
1a88fa0aa0a3070275d1c24005965d57	20	0	I	0	0	_
1a88fa0aa0a3070275d1c24005965d57	20	0	felt	1	0	Perception_experience
1a88fa0aa0a3070275d1c24005965d57	20	0	myself	0	0	_
1a88fa0aa0a3070275d1c24005965d57	20	0	.	0	0	_

1a88fa0aa0a3070275d1c24005965d57	20	1	JEFFREY-BROWN	0	0	_
1a88fa0aa0a3070275d1c24005965d57	20	1	#	0	0	_
1a88fa0aa0a3070275d1c24005965d57	20	1	One	0	0	Cardinal_numbers
1a88fa0aa0a3070275d1c24005965d57	20	1	of	0	0	Partitive
1a88fa0aa0a3070275d1c24005965d57	20	1	the	0	0	_
1a88fa0aa0a3070275d1c24005965d57	20	1	things	1	0	_
1a88fa0aa0a3070275d1c24005965d57	20	1	that	0	0	_
1a88fa0aa0a3070275d1c24005965d57	20	1	comes	1	0	Arriving
1a88fa0aa0a3070275d1c24005965d57	20	1	through	1	0	_

de195d20c7a4ee924a2f84c9ce1e0190	21	0	n't	0	0	_
de195d20c7a4ee924a2f84c9ce1e0190	21	0	what	0	0	_
de195d20c7a4ee924a2f84c9ce1e0190	21	0	they	0	0	_
de195d20c7a4ee924a2f84c9ce1e0190	21	0	seem	0	0	Give_impression
de195d20c7a4ee924a2f84c9ce1e0190	21	0	,	0	0	_
de195d20c7a4ee924a2f84c9ce1e0190	21	0	'	0	0	_
de195d20c7a4ee924a2f84c9ce1e0190	21	0	or	0	0	_
de195d20c7a4ee924a2f84c9ce1e0190	21	0	'	0	0	_
de195d20c7a4ee924a2f84c9ce1e0190	21	0	I	0	0	_
de195d20c7a4ee924a2f84c9ce1e0190	21	0	swear	0	0	Commitment
de195d20c7a4ee924a2f84c9ce1e0190	21	0	I	0	0	_
de195d20c7a4ee924a2f84c9ce1e0190	21	0	just	0	0	_
de195d20c7a4ee924a2f84c9ce1e0190	21	0	saw	0	0	Perception_experience
de195d20c7a4ee924a2f84c9ce1e0190	21	0	...	0	0	_
de195d20c7a4ee924a2f84c9ce1e0190	21	0	'	0	0	_
de195d20c7a4ee924a2f84c9ce1e0190	21	0	chances	0	0	Likelihood
de195d20c7a4ee924a2f84c9ce1e0190	21	0	are	0	0	_
de195d20c7a4ee924a2f84c9ce1e0190	21	0	things	1	0	_
de195d20c7a4ee924a2f84c9ce1e0190	21	0	are	0	0	_
de195d20c7a4ee924a2f84c9ce1e0190	21	0	what	0	0	_
de195d20c7a4ee924a2f84c9ce1e0190	21	0	they	0	0	_
de195d20c7a4ee924a2f84c9ce1e0190	21	0	seem	0	0	Give_impression
de195d20c7a4ee924a2f84c9ce1e0190	21	0	to	0	0	_
de195d20c7a4ee924a2f84c9ce1e0190	21	0	be.	0	0	_
de195d20c7a4ee924a2f84c9ce1e0190	21	0	``	0	0	_

de195d20c7a4ee924a2f84c9ce1e0190	21	1	#	0	0	_
de195d20c7a4ee924a2f84c9ce1e0190	21	1	``	0	0	_
de195d20c7a4ee924a2f84c9ce1e0190	21	1	So	0	0	_
de195d20c7a4ee924a2f84c9ce1e0190	21	1	when	0	0	Temporal_collocation
de195d20c7a4ee924a2f84c9ce1e0190	21	1	you	0	0	_

aab36dec094d861134f02053f97ff319	22	0	.	0	0	_

aab36dec094d861134f02053f97ff319	22	1	He	0	0	_
aab36dec094d861134f02053f97ff319	22	1	just	0	0	_
aab36dec094d861134f02053f97ff319	22	1	hoped	0	0	Desiring
aab36dec094d861134f02053f97ff319	22	1	it	0	0	_
aab36dec094d861134f02053f97ff319	22	1	would	0	0	_
aab36dec094d861134f02053f97ff319	22	1	continue	0	0	Process_continue
aab36dec094d861134f02053f97ff319	22	1	the	0	0	_
aab36dec094d861134f02053f97ff319	22	1	way	1	0	Manner
aab36dec094d861134f02053f97ff319	22	1	it	0	0	_
aab36dec094d861134f02053f97ff319	22	1	had	0	0	_
aab36dec094d861134f02053f97ff319	22	1	been	0	0	_
aab36dec094d861134f02053f97ff319	22	1	planned	1	0	_
aab36dec094d861134f02053f97ff319	22	1	,	0	0	_
aab36dec094d861134f02053f97ff319	22	1	but	0	0	_
aab36dec094d861134f02053f97ff319	22	1	chances	0	0	Likelihood
aab36dec094d861134f02053f97ff319	22	1	were	0	0	_
aab36dec094d861134f02053f97ff319	22	1	things	1	0	_
aab36dec094d861134f02053f97ff319	22	1	would	0	0	_
aab36dec094d861134f02053f97ff319	22	1	get	0	0	Transition_to_state
aab36dec094d861134f02053f97ff319	22	1	screwed	1	1	_
aab36dec094d861134f02053f97ff319	22	1	up	1	0	_
aab36dec094d861134f02053f97ff319	22	1	.	0	0	_

aab36dec094d861134f02053f97ff319	22	2	He	0	0	_
aab36dec094d861134f02053f97ff319	22	2	'd	0	0	_
aab36dec094d861134f02053f97ff319	22	2	deal	1	0	Resolve_problem
aab36dec094d861134f02053f97ff319	22	2	with	1	0	_
aab36dec094d861134f02053f97ff319	22	2	it	0	0	_
aab36dec094d861134f02053f97ff319	22	2	;	0	0	_
aab36dec094d861134f02053f97ff319	22	2	there	0	0	Existence
aab36dec094d861134f02053f97ff319	22	2	was	0	0	Existence

701d644fb8bb1228569fb4f6b8ac76fe	23	0	RHP	0	0	_
701d644fb8bb1228569fb4f6b8ac76fe	23	0	Jason	0	0	_
701d644fb8bb1228569fb4f6b8ac76fe	23	0	Bere	0	0	_
701d644fb8bb1228569fb4f6b8ac76fe	23	0	,	0	0	_
701d644fb8bb1228569fb4f6b8ac76fe	23	0	RHP	0	0	_
701d644fb8bb1228569fb4f6b8ac76fe	23	0	Brian	0	0	_
701d644fb8bb1228569fb4f6b8ac76fe	23	0	Williams	0	0	_
701d644fb8bb1228569fb4f6b8ac76fe	23	0	,	0	0	_
701d644fb8bb1228569fb4f6b8ac76fe	23	0	RHP	0	0	_
701d644fb8bb1228569fb4f6b8ac76fe	23	0	Jim	0	0	_
701d644fb8bb1228569fb4f6b8ac76fe	23	0	Brower	0	0	_
701d644fb8bb1228569fb4f6b8ac76fe	23	0	.	0	0	_

701d644fb8bb1228569fb4f6b8ac76fe	23	1	#	0	0	_
701d644fb8bb1228569fb4f6b8ac76fe	23	1	Comment	0	0	Statement
701d644fb8bb1228569fb4f6b8ac76fe	23	1	:	0	0	_
701d644fb8bb1228569fb4f6b8ac76fe	23	1	Chances	0	0	Likelihood
701d644fb8bb1228569fb4f6b8ac76fe	23	1	are	0	0	_
701d644fb8bb1228569fb4f6b8ac76fe	23	1	things	1	0	_
701d644fb8bb1228569fb4f6b8ac76fe	23	1	ca	0	0	_
701d644fb8bb1228569fb4f6b8ac76fe	23	1	n't	0	0	_
701d644fb8bb1228569fb4f6b8ac76fe	23	1	get	0	0	Transition_to_state
701d644fb8bb1228569fb4f6b8ac76fe	23	1	much	0	0	Proportional_quantity
701d644fb8bb1228569fb4f6b8ac76fe	23	1	worse	0	0	Desirability
701d644fb8bb1228569fb4f6b8ac76fe	23	1	for	0	0	_
701d644fb8bb1228569fb4f6b8ac76fe	23	1	the	0	0	_
701d644fb8bb1228569fb4f6b8ac76fe	23	1	Indians	0	0	People_by_origin
701d644fb8bb1228569fb4f6b8ac76fe	23	1	from	1	0	_
701d644fb8bb1228569fb4f6b8ac76fe	23	1	an	0	0	_
701d644fb8bb1228569fb4f6b8ac76fe	23	1	injury	0	0	Experience_bodily_harm
701d644fb8bb1228569fb4f6b8ac76fe	23	1	standpoint	1	1	_
701d644fb8bb1228569fb4f6b8ac76fe	23	1	.	0	0	_

e308126441b3862bd61e1254b88fe035	24	0	had	0	0	_
e308126441b3862bd61e1254b88fe035	24	0	heard	0	0	Hearsay
e308126441b3862bd61e1254b88fe035	24	0	such	0	0	_
e308126441b3862bd61e1254b88fe035	24	0	a	0	0	_
e308126441b3862bd61e1254b88fe035	24	0	thing	1	0	_
e308126441b3862bd61e1254b88fe035	24	0	could	0	0	Possibility
e308126441b3862bd61e1254b88fe035	24	0	happen	0	0	Event
e308126441b3862bd61e1254b88fe035	24	0	,	0	0	_
e308126441b3862bd61e1254b88fe035	24	0	the	0	0	_
e308126441b3862bd61e1254b88fe035	24	0	mind	0	0	_
e308126441b3862bd61e1254b88fe035	24	0	could	0	0	_
e308126441b3862bd61e1254b88fe035	24	0	manifest	1	1	_
e308126441b3862bd61e1254b88fe035	24	0	amazing	0	0	Desirability
e308126441b3862bd61e1254b88fe035	24	0	configurations	1	1	_
e308126441b3862bd61e1254b88fe035	24	0	.	0	0	_

e308126441b3862bd61e1254b88fe035	24	1	Thoughts	0	0	Cogitation
e308126441b3862bd61e1254b88fe035	24	1	were	0	0	_
e308126441b3862bd61e1254b88fe035	24	1	things	1	0	_
e308126441b3862bd61e1254b88fe035	24	1	.	0	0	_

e308126441b3862bd61e1254b88fe035	24	2	Look	0	0	Perception_active
e308126441b3862bd61e1254b88fe035	24	2	at	0	0	_
e308126441b3862bd61e1254b88fe035	24	2	what	0	0	_
e308126441b3862bd61e1254b88fe035	24	2	his	0	0	_
e308126441b3862bd61e1254b88fe035	24	2	own	0	0	_
e308126441b3862bd61e1254b88fe035	24	2	mind	0	0	_
e308126441b3862bd61e1254b88fe035	24	2	had	0	0	_
e308126441b3862bd61e1254b88fe035	24	2	allowed	1	0	Prohibiting_or_licensing
e308126441b3862bd61e1254b88fe035	24	2	.	0	0	_

e308126441b3862bd61e1254b88fe035	24	3	His	0	0	_
e308126441b3862bd61e1254b88fe035	24	3	Buddhist	0	0	People_by_religion
e308126441b3862bd61e1254b88fe035	24	3	coworker	0	0	_

d6875bd7ea969f03cb96f8b1f7e9143d	25	0	both	0	0	_
d6875bd7ea969f03cb96f8b1f7e9143d	25	0	touch	1	0	Topic
d6875bd7ea969f03cb96f8b1f7e9143d	25	0	on	1	0	_
d6875bd7ea969f03cb96f8b1f7e9143d	25	0	the	0	0	_
d6875bd7ea969f03cb96f8b1f7e9143d	25	0	idea	0	0	Awareness
d6875bd7ea969f03cb96f8b1f7e9143d	25	0	of	0	0	_
d6875bd7ea969f03cb96f8b1f7e9143d	25	0	thoughts	0	0	Awareness
d6875bd7ea969f03cb96f8b1f7e9143d	25	0	creating	0	0	Intentionally_create
d6875bd7ea969f03cb96f8b1f7e9143d	25	0	reality	0	0	_
d6875bd7ea969f03cb96f8b1f7e9143d	25	0	.	0	0	_

d6875bd7ea969f03cb96f8b1f7e9143d	25	1	Have	0	0	_
d6875bd7ea969f03cb96f8b1f7e9143d	25	1	you	0	0	_
d6875bd7ea969f03cb96f8b1f7e9143d	25	1	read	0	0	Reading_activity
d6875bd7ea969f03cb96f8b1f7e9143d	25	1	them	0	0	_
d6875bd7ea969f03cb96f8b1f7e9143d	25	1	?	0	0	_

d6875bd7ea969f03cb96f8b1f7e9143d	25	2	Thoughts	0	0	Cogitation
d6875bd7ea969f03cb96f8b1f7e9143d	25	2	are	0	0	_
d6875bd7ea969f03cb96f8b1f7e9143d	25	2	things	1	0	_
d6875bd7ea969f03cb96f8b1f7e9143d	25	2	!	0	0	_

d6875bd7ea969f03cb96f8b1f7e9143d	25	3	PLEASE	0	0	_
d6875bd7ea969f03cb96f8b1f7e9143d	25	3	,	0	0	_
d6875bd7ea969f03cb96f8b1f7e9143d	25	3	quit	1	0	Activity_stop
d6875bd7ea969f03cb96f8b1f7e9143d	25	3	destroying	1	1	Destroying
d6875bd7ea969f03cb96f8b1f7e9143d	25	3	our	0	0	_
d6875bd7ea969f03cb96f8b1f7e9143d	25	3	world	0	0	Political_locales
d6875bd7ea969f03cb96f8b1f7e9143d	25	3	with	1	0	_
d6875bd7ea969f03cb96f8b1f7e9143d	25	3	your	0	0	_
d6875bd7ea969f03cb96f8b1f7e9143d	25	3	lack	0	0	Possession
d6875bd7ea969f03cb96f8b1f7e9143d	25	3	of	0	0	_
d6875bd7ea969f03cb96f8b1f7e9143d	25	3	rational	0	0	_
d6875bd7ea969f03cb96f8b1f7e9143d	25	3	,	0	0	_

87031a47f790bd600a4b5af9beaf5f9c	26	0	some	0	0	Proportional_quantity
87031a47f790bd600a4b5af9beaf5f9c	26	0	free	1	0	Expensiveness
87031a47f790bd600a4b5af9beaf5f9c	26	0	ice	0	0	Food
87031a47f790bd600a4b5af9beaf5f9c	26	0	cream	0	0	Food
87031a47f790bd600a4b5af9beaf5f9c	26	0	.	0	0	_

87031a47f790bd600a4b5af9beaf5f9c	26	1	#	0	0	_
87031a47f790bd600a4b5af9beaf5f9c	26	1	They	0	0	_
87031a47f790bd600a4b5af9beaf5f9c	26	1	probably	0	0	Likelihood
87031a47f790bd600a4b5af9beaf5f9c	26	1	will	0	0	_
87031a47f790bd600a4b5af9beaf5f9c	26	1	once	0	0	_
87031a47f790bd600a4b5af9beaf5f9c	26	1	they	0	0	_
87031a47f790bd600a4b5af9beaf5f9c	26	1	read	0	0	Reading_activity
87031a47f790bd600a4b5af9beaf5f9c	26	1	this	0	0	_
87031a47f790bd600a4b5af9beaf5f9c	26	1	.	0	0	_

87031a47f790bd600a4b5af9beaf5f9c	26	2	#	0	0	_
87031a47f790bd600a4b5af9beaf5f9c	26	2	Thoughts	0	0	Cogitation
87031a47f790bd600a4b5af9beaf5f9c	26	2	are	0	0	_
87031a47f790bd600a4b5af9beaf5f9c	26	2	things	1	1	_
87031a47f790bd600a4b5af9beaf5f9c	26	2	,	0	0	_
87031a47f790bd600a4b5af9beaf5f9c	26	2	as	0	0	_
87031a47f790bd600a4b5af9beaf5f9c	26	2	my	0	0	_

f173bf4ff10f83761d7c85da67d93929	27	0	with	1	0	_
f173bf4ff10f83761d7c85da67d93929	27	0	a	0	0	_
f173bf4ff10f83761d7c85da67d93929	27	0	hundred	0	0	Cardinal_numbers
f173bf4ff10f83761d7c85da67d93929	27	0	actions	0	0	Intentionally_act
f173bf4ff10f83761d7c85da67d93929	27	0	which	0	0	_
f173bf4ff10f83761d7c85da67d93929	27	0	lead	1	0	Causation
f173bf4ff10f83761d7c85da67d93929	27	0	to	1	0	_
f173bf4ff10f83761d7c85da67d93929	27	0	the	0	0	_
f173bf4ff10f83761d7c85da67d93929	27	0	circumstances	0	0	_
f173bf4ff10f83761d7c85da67d93929	27	0	we	0	0	_
f173bf4ff10f83761d7c85da67d93929	27	0	find	1	0	Becoming_aware
f173bf4ff10f83761d7c85da67d93929	27	0	ourselves	0	0	_
f173bf4ff10f83761d7c85da67d93929	27	0	in	1	0	_
f173bf4ff10f83761d7c85da67d93929	27	0	today	0	0	Calendric_unit
f173bf4ff10f83761d7c85da67d93929	27	0	.	0	0	_

f173bf4ff10f83761d7c85da67d93929	27	1	Thoughts	0	0	Cogitation
f173bf4ff10f83761d7c85da67d93929	27	1	are	0	0	_
f173bf4ff10f83761d7c85da67d93929	27	1	things	1	0	_
f173bf4ff10f83761d7c85da67d93929	27	1	and	0	0	_
f173bf4ff10f83761d7c85da67d93929	27	1	the	0	0	_
f173bf4ff10f83761d7c85da67d93929	27	1	mind	0	0	_
f173bf4ff10f83761d7c85da67d93929	27	1	is	0	0	_
f173bf4ff10f83761d7c85da67d93929	27	1	the	0	0	_
f173bf4ff10f83761d7c85da67d93929	27	1	builder	1	1	Building
f173bf4ff10f83761d7c85da67d93929	27	1	.	0	0	_

f173bf4ff10f83761d7c85da67d93929	27	2	The	0	0	_
f173bf4ff10f83761d7c85da67d93929	27	2	free	0	0	Expensiveness
f173bf4ff10f83761d7c85da67d93929	27	2	will	0	0	_
f173bf4ff10f83761d7c85da67d93929	27	2	we	0	0	_
f173bf4ff10f83761d7c85da67d93929	27	2	use	0	0	Using
f173bf4ff10f83761d7c85da67d93929	27	2	to	0	0	_

c1ef3a1c833bb0dfdc11b38e58450755	28	0	s	0	0	_
c1ef3a1c833bb0dfdc11b38e58450755	28	0	the	0	0	_
c1ef3a1c833bb0dfdc11b38e58450755	28	0	budget	0	0	_
c1ef3a1c833bb0dfdc11b38e58450755	28	0	maven	1	1	People_by_vocation
c1ef3a1c833bb0dfdc11b38e58450755	28	0	.	0	0	_

c1ef3a1c833bb0dfdc11b38e58450755	28	1	Maybe	0	0	Likelihood
c1ef3a1c833bb0dfdc11b38e58450755	28	1	he	0	0	_
c1ef3a1c833bb0dfdc11b38e58450755	28	1	can	0	0	Capability
c1ef3a1c833bb0dfdc11b38e58450755	28	1	do	0	0	Intentionally_act
c1ef3a1c833bb0dfdc11b38e58450755	28	1	something	0	0	_
c1ef3a1c833bb0dfdc11b38e58450755	28	1	.	0	0	_

c1ef3a1c833bb0dfdc11b38e58450755	28	2	But	0	0	_
c1ef3a1c833bb0dfdc11b38e58450755	28	2	Paul	0	0	_
c1ef3a1c833bb0dfdc11b38e58450755	28	2	Ryan	0	0	_
c1ef3a1c833bb0dfdc11b38e58450755	28	2	's	0	0	_
c1ef3a1c833bb0dfdc11b38e58450755	28	2	ideas	0	0	_
c1ef3a1c833bb0dfdc11b38e58450755	28	2	were	0	0	_
c1ef3a1c833bb0dfdc11b38e58450755	28	2	things	1	0	_
c1ef3a1c833bb0dfdc11b38e58450755	28	2	like	0	0	_
c1ef3a1c833bb0dfdc11b38e58450755	28	2	we	0	0	_
c1ef3a1c833bb0dfdc11b38e58450755	28	2	need	0	0	Required_event
c1ef3a1c833bb0dfdc11b38e58450755	28	2	to	0	0	_
c1ef3a1c833bb0dfdc11b38e58450755	28	2	transfer	1	1	Transfer
c1ef3a1c833bb0dfdc11b38e58450755	28	2	Medicare	0	0	_
c1ef3a1c833bb0dfdc11b38e58450755	28	2	from	1	0	_
c1ef3a1c833bb0dfdc11b38e58450755	28	2	an	0	0	_
c1ef3a1c833bb0dfdc11b38e58450755	28	2	entitlement	0	0	_
c1ef3a1c833bb0dfdc11b38e58450755	28	2	program	0	0	Project
c1ef3a1c833bb0dfdc11b38e58450755	28	2	to	1	0	_
c1ef3a1c833bb0dfdc11b38e58450755	28	2	a	0	0	_
c1ef3a1c833bb0dfdc11b38e58450755	28	2	voucher	0	0	_

0d1286854ed200d26e95e4def6b4308f	29	0	trouble	0	0	Predicament
0d1286854ed200d26e95e4def6b4308f	29	0	over	1	0	_
0d1286854ed200d26e95e4def6b4308f	29	0	a	0	0	_
0d1286854ed200d26e95e4def6b4308f	29	0	tiny	0	0	_
0d1286854ed200d26e95e4def6b4308f	29	0	little	0	0	_
0d1286854ed200d26e95e4def6b4308f	29	0	calcification	0	0	_
0d1286854ed200d26e95e4def6b4308f	29	0	!	0	0	_

0d1286854ed200d26e95e4def6b4308f	29	1	#	0	0	_
0d1286854ed200d26e95e4def6b4308f	29	1	Like	0	0	_
0d1286854ed200d26e95e4def6b4308f	29	1	I	0	0	_
0d1286854ed200d26e95e4def6b4308f	29	1	said	0	0	Statement
0d1286854ed200d26e95e4def6b4308f	29	1	,	0	0	_
0d1286854ed200d26e95e4def6b4308f	29	1	most	0	0	_
0d1286854ed200d26e95e4def6b4308f	29	1	of	0	0	Partitive
0d1286854ed200d26e95e4def6b4308f	29	1	these	1	0	_
0d1286854ed200d26e95e4def6b4308f	29	1	ideas	0	0	Awareness
0d1286854ed200d26e95e4def6b4308f	29	1	are	0	0	_
0d1286854ed200d26e95e4def6b4308f	29	1	things	1	0	_
0d1286854ed200d26e95e4def6b4308f	29	1	that	0	0	_
0d1286854ed200d26e95e4def6b4308f	29	1	I	0	0	_
0d1286854ed200d26e95e4def6b4308f	29	1	used	0	0	Using
0d1286854ed200d26e95e4def6b4308f	29	1	when	0	0	Temporal_collocation
0d1286854ed200d26e95e4def6b4308f	29	1	I	0	0	_
0d1286854ed200d26e95e4def6b4308f	29	1	was	0	0	_
0d1286854ed200d26e95e4def6b4308f	29	1	in	0	0	_
0d1286854ed200d26e95e4def6b4308f	29	1	bed	0	0	_
0d1286854ed200d26e95e4def6b4308f	29	1	with	0	0	Accompaniment
0d1286854ed200d26e95e4def6b4308f	29	1	the	0	0	_
0d1286854ed200d26e95e4def6b4308f	29	1	saliva	0	0	_
0d1286854ed200d26e95e4def6b4308f	29	1	gland	0	0	_
0d1286854ed200d26e95e4def6b4308f	29	1	stone	0	0	_

33910015a8ba7e5916ad52d19c9612df	30	0	,	0	0	_
33910015a8ba7e5916ad52d19c9612df	30	0	with	1	0	_
33910015a8ba7e5916ad52d19c9612df	30	0	that	1	0	_
33910015a8ba7e5916ad52d19c9612df	30	0	in	1	0	_
33910015a8ba7e5916ad52d19c9612df	30	0	mind	0	0	_
33910015a8ba7e5916ad52d19c9612df	30	0	:	0	0	_
33910015a8ba7e5916ad52d19c9612df	30	0	#	0	0	_
33910015a8ba7e5916ad52d19c9612df	30	0	It	0	0	_
33910015a8ba7e5916ad52d19c9612df	30	0	's	0	0	_
33910015a8ba7e5916ad52d19c9612df	30	0	important	0	0	Importance
33910015a8ba7e5916ad52d19c9612df	30	0	to	1	0	_
33910015a8ba7e5916ad52d19c9612df	30	0	me	0	0	_
33910015a8ba7e5916ad52d19c9612df	30	0	to	0	0	_
33910015a8ba7e5916ad52d19c9612df	30	0	have	1	0	Have_associated
33910015a8ba7e5916ad52d19c9612df	30	0	my	0	0	_
33910015a8ba7e5916ad52d19c9612df	30	0	relationships	0	0	Personal_relationship
33910015a8ba7e5916ad52d19c9612df	30	0	be	0	0	_
33910015a8ba7e5916ad52d19c9612df	30	0	things	1	0	_
33910015a8ba7e5916ad52d19c9612df	30	0	my	0	0	_
33910015a8ba7e5916ad52d19c9612df	30	0	partners	0	0	Personal_relationship
33910015a8ba7e5916ad52d19c9612df	30	0	and	0	0	_
33910015a8ba7e5916ad52d19c9612df	30	0	I	0	0	_
33910015a8ba7e5916ad52d19c9612df	30	0	actively	0	0	_
33910015a8ba7e5916ad52d19c9612df	30	0	choose	0	0	Choosing
33910015a8ba7e5916ad52d19c9612df	30	0	to	0	0	_
33910015a8ba7e5916ad52d19c9612df	30	0	be	0	0	_
33910015a8ba7e5916ad52d19c9612df	30	0	in	1	0	_
33910015a8ba7e5916ad52d19c9612df	30	0	.	0	0	_

33910015a8ba7e5916ad52d19c9612df	30	1	I	0	0	_
33910015a8ba7e5916ad52d19c9612df	30	1	do	0	0	_
33910015a8ba7e5916ad52d19c9612df	30	1	n't	0	0	_

b9016e9b0eb40b4f67ce62a90e18b7de	31	0	)	0	0	_
b9016e9b0eb40b4f67ce62a90e18b7de	31	0	.	0	0	_

b9016e9b0eb40b4f67ce62a90e18b7de	31	1	#	0	0	_
b9016e9b0eb40b4f67ce62a90e18b7de	31	1	Maybe	0	0	_
b9016e9b0eb40b4f67ce62a90e18b7de	31	1	what	0	0	_
b9016e9b0eb40b4f67ce62a90e18b7de	31	1	makes	1	0	Causation
b9016e9b0eb40b4f67ce62a90e18b7de	31	1	me	0	0	_
b9016e9b0eb40b4f67ce62a90e18b7de	31	1	feel	1	0	Feeling
b9016e9b0eb40b4f67ce62a90e18b7de	31	1	as	0	0	_
b9016e9b0eb40b4f67ce62a90e18b7de	31	1	bad	0	0	Desirability
b9016e9b0eb40b4f67ce62a90e18b7de	31	1	as	0	0	_
b9016e9b0eb40b4f67ce62a90e18b7de	31	1	anything	0	0	_
b9016e9b0eb40b4f67ce62a90e18b7de	31	1	about	1	0	Topic
b9016e9b0eb40b4f67ce62a90e18b7de	31	1	the	0	0	_
b9016e9b0eb40b4f67ce62a90e18b7de	31	1	merchant-affiliate	0	0	_
b9016e9b0eb40b4f67ce62a90e18b7de	31	1	relationship	0	0	Collaboration
b9016e9b0eb40b4f67ce62a90e18b7de	31	1	are	0	0	_
b9016e9b0eb40b4f67ce62a90e18b7de	31	1	things	1	0	_
b9016e9b0eb40b4f67ce62a90e18b7de	31	1	like	0	0	_
b9016e9b0eb40b4f67ce62a90e18b7de	31	1	the	0	0	_
b9016e9b0eb40b4f67ce62a90e18b7de	31	1	thread	0	0	_
b9016e9b0eb40b4f67ce62a90e18b7de	31	1	started	0	0	Process_start
b9016e9b0eb40b4f67ce62a90e18b7de	31	1	a	0	0	_
b9016e9b0eb40b4f67ce62a90e18b7de	31	1	couple	1	0	Cardinal_numbers
b9016e9b0eb40b4f67ce62a90e18b7de	31	1	of	0	0	_
b9016e9b0eb40b4f67ce62a90e18b7de	31	1	days	0	0	Calendric_unit
b9016e9b0eb40b4f67ce62a90e18b7de	31	1	ago	0	0	Time_vector
b9016e9b0eb40b4f67ce62a90e18b7de	31	1	when	0	0	_
b9016e9b0eb40b4f67ce62a90e18b7de	31	1	a	0	0	_
b9016e9b0eb40b4f67ce62a90e18b7de	31	1	merchant	0	0	_
b9016e9b0eb40b4f67ce62a90e18b7de	31	1	posted	0	0	_

f36f5e5d3f7d2e505e13786204efd391	32	0	play	0	0	Performers_and_roles
f36f5e5d3f7d2e505e13786204efd391	32	0	some	0	0	Proportional_quantity
f36f5e5d3f7d2e505e13786204efd391	32	0	role	0	0	Performers_and_roles
f36f5e5d3f7d2e505e13786204efd391	32	0	in	0	0	_
f36f5e5d3f7d2e505e13786204efd391	32	0	this	0	0	_
f36f5e5d3f7d2e505e13786204efd391	32	0	.	0	0	_

f36f5e5d3f7d2e505e13786204efd391	32	1	You	0	0	_
f36f5e5d3f7d2e505e13786204efd391	32	1	seem	0	0	Give_impression
f36f5e5d3f7d2e505e13786204efd391	32	1	to	0	0	_
f36f5e5d3f7d2e505e13786204efd391	32	1	want	0	0	Desiring
f36f5e5d3f7d2e505e13786204efd391	32	1	to	0	0	_
f36f5e5d3f7d2e505e13786204efd391	32	1	make	1	0	Communicate_categorization
f36f5e5d3f7d2e505e13786204efd391	32	1	it	0	0	_
f36f5e5d3f7d2e505e13786204efd391	32	1	sound	0	0	Give_impression
f36f5e5d3f7d2e505e13786204efd391	32	1	like	0	0	_
f36f5e5d3f7d2e505e13786204efd391	32	1	relationships	0	0	Relation
f36f5e5d3f7d2e505e13786204efd391	32	1	are	0	0	_
f36f5e5d3f7d2e505e13786204efd391	32	1	things	1	0	_
f36f5e5d3f7d2e505e13786204efd391	32	1	that	0	0	_
f36f5e5d3f7d2e505e13786204efd391	32	1	happen	0	0	Event
f36f5e5d3f7d2e505e13786204efd391	32	1	to	1	0	_
f36f5e5d3f7d2e505e13786204efd391	32	1	people	0	0	People
f36f5e5d3f7d2e505e13786204efd391	32	1	and	0	0	_
f36f5e5d3f7d2e505e13786204efd391	32	1	not	0	0	_
f36f5e5d3f7d2e505e13786204efd391	32	1	dynamics	1	1	_
f36f5e5d3f7d2e505e13786204efd391	32	1	that	0	0	_
f36f5e5d3f7d2e505e13786204efd391	32	1	both	0	0	Quantified_mass
f36f5e5d3f7d2e505e13786204efd391	32	1	people	0	0	People
f36f5e5d3f7d2e505e13786204efd391	32	1	engage	0	0	Intentionally_act
f36f5e5d3f7d2e505e13786204efd391	32	1	in	1	0	_
f36f5e5d3f7d2e505e13786204efd391	32	1	and	0	0	_

76ae4b385db7c5039bb8016782cc91f5	33	0	They	0	0	_
76ae4b385db7c5039bb8016782cc91f5	33	0	need	0	0	Needing
76ae4b385db7c5039bb8016782cc91f5	33	0	people	0	0	People
76ae4b385db7c5039bb8016782cc91f5	33	0	that	0	0	_
76ae4b385db7c5039bb8016782cc91f5	33	0	are	0	0	_
76ae4b385db7c5039bb8016782cc91f5	33	0	doing	0	0	Intentionally_act
76ae4b385db7c5039bb8016782cc91f5	33	0	that	1	0	_
76ae4b385db7c5039bb8016782cc91f5	33	0	.	0	0	_

76ae4b385db7c5039bb8016782cc91f5	33	1	And	0	0	_
76ae4b385db7c5039bb8016782cc91f5	33	1	all	0	0	_
76ae4b385db7c5039bb8016782cc91f5	33	1	of	0	0	_
76ae4b385db7c5039bb8016782cc91f5	33	1	those	1	0	_
76ae4b385db7c5039bb8016782cc91f5	33	1	types	0	0	Type
76ae4b385db7c5039bb8016782cc91f5	33	1	of	0	0	_
76ae4b385db7c5039bb8016782cc91f5	33	1	programmatic	0	0	_
76ae4b385db7c5039bb8016782cc91f5	33	1	opportunities	0	0	Alternatives
76ae4b385db7c5039bb8016782cc91f5	33	1	are	0	0	_
76ae4b385db7c5039bb8016782cc91f5	33	1	ways	1	0	Means
76ae4b385db7c5039bb8016782cc91f5	33	1	that	0	0	_
76ae4b385db7c5039bb8016782cc91f5	33	1	kids	0	0	People_by_age
76ae4b385db7c5039bb8016782cc91f5	33	1	can	0	0	Capability
76ae4b385db7c5039bb8016782cc91f5	33	1	interface	0	0	_
76ae4b385db7c5039bb8016782cc91f5	33	1	with	1	0	_
76ae4b385db7c5039bb8016782cc91f5	33	1	adults	0	0	People_by_age
76ae4b385db7c5039bb8016782cc91f5	33	1	,	0	0	_
76ae4b385db7c5039bb8016782cc91f5	33	1	that	0	0	_
76ae4b385db7c5039bb8016782cc91f5	33	1	they	0	0	_
76ae4b385db7c5039bb8016782cc91f5	33	1	can	0	0	Capability
76ae4b385db7c5039bb8016782cc91f5	33	1	get	0	0	Transition_to_state
76ae4b385db7c5039bb8016782cc91f5	33	1	involved	0	0	Participation
76ae4b385db7c5039bb8016782cc91f5	33	1	with	1	0	_

16e664d31590e6fee145a54d30315421	34	0	distinct	0	0	Similarity
16e664d31590e6fee145a54d30315421	34	0	from	1	0	_
16e664d31590e6fee145a54d30315421	34	0	other	0	0	Increment
16e664d31590e6fee145a54d30315421	34	0	KBOs	0	0	_
16e664d31590e6fee145a54d30315421	34	0	shifts	1	0	_
16e664d31590e6fee145a54d30315421	34	0	the	0	0	_
16e664d31590e6fee145a54d30315421	34	0	focus	1	0	Emphasizing
16e664d31590e6fee145a54d30315421	34	0	to	1	0	_
16e664d31590e6fee145a54d30315421	34	0	quantitative	0	0	_
16e664d31590e6fee145a54d30315421	34	0	differences	0	0	Similarity
16e664d31590e6fee145a54d30315421	34	0	(	0	0	_
16e664d31590e6fee145a54d30315421	34	0	whether	0	0	_
16e664d31590e6fee145a54d30315421	34	0	that	1	0	_
16e664d31590e6fee145a54d30315421	34	0	quantity	0	0	Quantified_mass
16e664d31590e6fee145a54d30315421	34	0	is	0	0	_
16e664d31590e6fee145a54d30315421	34	0	size	0	0	_
16e664d31590e6fee145a54d30315421	34	0	,	0	0	_
16e664d31590e6fee145a54d30315421	34	0	number	0	0	Quantified_mass
16e664d31590e6fee145a54d30315421	34	0	of	0	0	_
16e664d31590e6fee145a54d30315421	34	0	years	0	0	Measure_duration
16e664d31590e6fee145a54d30315421	34	0	since	0	0	Time_vector
16e664d31590e6fee145a54d30315421	34	0	discovery	0	0	Becoming_aware
16e664d31590e6fee145a54d30315421	34	0	or	0	0	_
16e664d31590e6fee145a54d30315421	34	0	whatever	0	0	_
16e664d31590e6fee145a54d30315421	34	0	)	0	0	_
16e664d31590e6fee145a54d30315421	34	0	.	0	0	_

16e664d31590e6fee145a54d30315421	34	1	#	0	0	_
16e664d31590e6fee145a54d30315421	34	1	I	0	0	_
16e664d31590e6fee145a54d30315421	34	1	think	0	0	Opinion
16e664d31590e6fee145a54d30315421	34	1	we	0	0	_
16e664d31590e6fee145a54d30315421	34	1	are	0	0	_

7ffddfda51068941b2545854c6b55976	35	0	is	0	0	_
7ffddfda51068941b2545854c6b55976	35	0	holding	1	0	_
7ffddfda51068941b2545854c6b55976	35	0	debate	0	0	Discussion
7ffddfda51068941b2545854c6b55976	35	0	tryouts	0	0	_
7ffddfda51068941b2545854c6b55976	35	0	.	0	0	_

7ffddfda51068941b2545854c6b55976	35	1	Forty	0	0	Cardinal_numbers
7ffddfda51068941b2545854c6b55976	35	1	students	0	0	Education_teaching
7ffddfda51068941b2545854c6b55976	35	1	cram	0	0	Placing
7ffddfda51068941b2545854c6b55976	35	1	into	0	0	Goal
7ffddfda51068941b2545854c6b55976	35	1	his	0	0	_
7ffddfda51068941b2545854c6b55976	35	1	living	0	0	Building_subparts
7ffddfda51068941b2545854c6b55976	35	1	room	0	0	Building_subparts
7ffddfda51068941b2545854c6b55976	35	1	.	0	0	_

7ffddfda51068941b2545854c6b55976	35	2	TOLSON	0	0	_
7ffddfda51068941b2545854c6b55976	35	2	:	0	0	_
7ffddfda51068941b2545854c6b55976	35	2	Debate	0	0	Discussion
7ffddfda51068941b2545854c6b55976	35	2	is	0	0	_
7ffddfda51068941b2545854c6b55976	35	2	combat	1	1	Hostile_encounter
7ffddfda51068941b2545854c6b55976	35	2	.	0	0	_

7ffddfda51068941b2545854c6b55976	35	3	Your	0	0	_
7ffddfda51068941b2545854c6b55976	35	3	weapons	1	1	Weapon
7ffddfda51068941b2545854c6b55976	35	3	are	0	0	_
7ffddfda51068941b2545854c6b55976	35	3	words	0	0	Simple_name
7ffddfda51068941b2545854c6b55976	35	3	.	0	0	_

7ffddfda51068941b2545854c6b55976	35	4	N2	0	0	_
7ffddfda51068941b2545854c6b55976	35	4	:	0	0	_
7ffddfda51068941b2545854c6b55976	35	4	Tolson	0	0	_
7ffddfda51068941b2545854c6b55976	35	4	writes	0	0	Statement
7ffddfda51068941b2545854c6b55976	35	4	``	0	0	_
7ffddfda51068941b2545854c6b55976	35	4	hot	1	0	_
7ffddfda51068941b2545854c6b55976	35	4	spot	1	0	Locale

bb0c6e91d84839c8d2c086212d473d2a	36	0	Wiley	0	0	_
bb0c6e91d84839c8d2c086212d473d2a	36	0	College	0	0	Locale_by_use
bb0c6e91d84839c8d2c086212d473d2a	36	0	taking	1	0	Hostile_encounter
bb0c6e91d84839c8d2c086212d473d2a	36	0	on	1	0	_
bb0c6e91d84839c8d2c086212d473d2a	36	0	the	0	0	_
bb0c6e91d84839c8d2c086212d473d2a	36	0	national	0	0	Political_locales
bb0c6e91d84839c8d2c086212d473d2a	36	0	titans	1	1	_
bb0c6e91d84839c8d2c086212d473d2a	36	0	and	0	0	_
bb0c6e91d84839c8d2c086212d473d2a	36	0	winning	0	0	Finish_competition
bb0c6e91d84839c8d2c086212d473d2a	36	0	.	0	0	_

bb0c6e91d84839c8d2c086212d473d2a	36	1	DENZEL-WASHINGTON-	0	0	_
bb0c6e91d84839c8d2c086212d473d2a	36	1	#	0	0	_
bb0c6e91d84839c8d2c086212d473d2a	36	1	Gentlemen	0	0	_
bb0c6e91d84839c8d2c086212d473d2a	36	1	and	0	0	_
bb0c6e91d84839c8d2c086212d473d2a	36	1	lady	0	0	People
bb0c6e91d84839c8d2c086212d473d2a	36	1	,	0	0	_
bb0c6e91d84839c8d2c086212d473d2a	36	1	debate	0	0	Discussion
bb0c6e91d84839c8d2c086212d473d2a	36	1	is	0	0	_
bb0c6e91d84839c8d2c086212d473d2a	36	1	combat	1	1	Hostile_encounter
bb0c6e91d84839c8d2c086212d473d2a	36	1	,	0	0	_
bb0c6e91d84839c8d2c086212d473d2a	36	1	but	0	0	Concessive
bb0c6e91d84839c8d2c086212d473d2a	36	1	your	0	0	_
bb0c6e91d84839c8d2c086212d473d2a	36	1	weapons	1	1	Weapon
bb0c6e91d84839c8d2c086212d473d2a	36	1	are	0	0	_
bb0c6e91d84839c8d2c086212d473d2a	36	1	words	0	0	Simple_name
bb0c6e91d84839c8d2c086212d473d2a	36	1	.	0	0	_

bb0c6e91d84839c8d2c086212d473d2a	36	2	DIANE-SAWYER-1-AB	0	0	_
bb0c6e91d84839c8d2c086212d473d2a	36	2	#	0	0	_
bb0c6e91d84839c8d2c086212d473d2a	36	2	(	0	0	_
bb0c6e91d84839c8d2c086212d473d2a	36	2	Voiceover	0	0	_
bb0c6e91d84839c8d2c086212d473d2a	36	2	)	0	0	_
bb0c6e91d84839c8d2c086212d473d2a	36	2	Denzel	0	0	_
bb0c6e91d84839c8d2c086212d473d2a	36	2	Washington	0	0	_
bb0c6e91d84839c8d2c086212d473d2a	36	2	directs	0	0	_
bb0c6e91d84839c8d2c086212d473d2a	36	2	and	0	0	_

